"Player","pass_completion","KP","Min"
"Davide Calabria","86.5","1","316"
"Rui Modesto","74.5","14","608"
"Liam Henderson","72.9","33","2337"
"Geoffrey Kondogbia","92.5","5","2020"
"Mat?? Bero","67.9","54","2565"
"Chidera Ejuke","81.6","21","966"
"Javier Manquillo","89.8","0","515"
"Oliver Skipp","83.5","9","1129"
"Vincent Sierro","78.4","30","2402"
"Jakub Kami?ski","70.4","24","1130"
"Stole Dimitrievski","51.1","0","360"
"Andrea Cambiaso","88.5","34","2221"
"Morgan Gibbs-White","78.3","51","2803"
"Illia Zabarnyi","82.1","12","3109"
"Salih ?zcan","77.6","5","391"
"Armel Bella Kotchap","90.2","0","331"
"Harry Clarke","80.5","1","379"
"Federico Baschirotto","86.2","4","3420"
"Bence D?rdai","80.2","11","1304"
"Michy Batshuayi","80.3","1","300"
"Ludovic Ajorque","68.9","35","2495"
"Nemanja Mati?","86.9","17","2010"
"Musa Al-Taamari","77.3","12","1116"
"Ritsu Doan","71.8","27","2862"
"Lukas Ullrich","76.1","8","1903"
"Kyle Walker-Peters","88.2","24","2918"
"Michael Kayode","76.3","8","528"
"Pierre Cornud","81.9","3","576"
"Han-Noah Massengo","84.7","3","1046"
"Diego L?pez","72.1","38","2737"
"Logan Costa","87.7","4","2587"
"Conor Chaplin","73.7","8","857"
"Pietro Comuzzo","85.7","7","2110"
"Cucho","71.9","14","1139"
"Fabi?n Ruiz Pe?a","89.6","36","1923"
"Kobbie Mainoo","86.5","14","1651"
"Jordan Lefort","82.7","10","3060"
"Danilo Cataldi","84.5","15","1712"
"Brahim D?az","86.8","23","1385"
"Mikey Moore","69.8","3","366"
"Ignace Van Der Brempt","81.1","10","1257"
"Isma?l Bennacer","89.1","4","300"
"Ola Aina","73.5","16","2995"
"Kau? Santos","69.5","1","765"
"?ukasz Skorupski","78","0","2364"
"Diego","63","6","1195"
"James Ward-Prowse","88.2","20","1039"
"Jos? Luis Garc?a Vay?","78.4","32","1742"
"Tariq Lamptey","81.1","5","860"
"Grigoris Kastanos","69.3","12","872"
"George Ilenikhena","71.9","9","717"
"Tom?s Palacios","88.7","0","446"
"Matteo Ruggeri","84.2","24","1751"
"Tom?s Conechny","63.8","7","847"
"Toti Gomes","85.9","9","2614"
"James Bree","83.5","10","1075"
"Mohamed Salah","70.6","88","3371"
"Ernest Nuamah","79.9","18","1052"
"Milo? Veljkovi?","86.7","3","1029"
"Rui Silva","78.6","2","1350"
"Edoardo Bove","82","11","836"
"Felix Agu","79.7","20","1751"
"Tommaso Pobega","82.1","12","1178"
"Leon Bailey","71","16","1139"
"Omar Marmoush","79.2","15","1175"
"Tosin Adarabioyo","91.1","1","1409"
"Diego Llorente","86.7","6","2519"
"Michael Zetterer","78.2","0","3060"
"Welington","78","3","482"
"Moritz Nicolas","84.3","0","1639"
"Lasse Rosenboom","65.1","14","1734"
"Ethan Nwaneri","80.5","16","895"
"Badredine Bouanani","76.7","20","1099"
"Luka Su?i?","82.4","25","1792"
"Christian G?nter","74.5","28","2314"
"Dennis Geiger","87.3","11","734"
"Kristijan Jaki?","82.9","16","2306"
"Michail Antonio","60.6","9","836"
"Mohamed Amoura","70.3","35","2467"
"Lucas Paquet?","77.3","36","2380"
"Emmanuel Sabbi","71.1","4","653"
"Chris F?hrich","80.5","32","1981"
"Aritz Elustondo","85.4","4","1457"
"Abdoulaye Bamba","88.5","6","1510"
"Denis Su?rez","78.4","14","608"
"Fabian Rieder","70.6","12","867"
"Sergio Carreira","76.1","16","1656"
"Francesco Acerbi","92.5","9","1710"
"Jo?o Pedro","72.9","30","1948"
"Adrien Rabiot","84.8","28","2485"
"Nicolas Jackson","75.9","28","2220"
"Razvan Sava","70.1","0","1080"
"Florian Thauvin","66.4","39","1956"
"Marc Cucurella","87.7","19","2988"
"Jonathan Gradit","85.1","11","2112"
"Lorenz Assignon","78","29","2357"
"Devis V?squez","60.4","0","2880"
"Ivan Ordets","80","7","1861"
"Tom?? Suslov","73.2","27","2080"
"Chris Wood","64.3","22","2959"
"Modibo Sagnan","88.6","6","2141"
"Abdukodir Khusanov","88.1","2","975"
"Siebe Van Der Heyden","79.3","2","872"
"Mouctar Diakhaby","83.9","1","653"
"Kevin Danso","86.5","2","842"
"Marco Asensio","77.3","16","743"
"Rapha?l Guerreiro","88.7","27","1572"
"Eberechi Eze","74.2","58","2588"
"Adri Embarba","63.9","20","1607"
"Crysencio Summerville","76.4","17","786"
"Denis Zakaria","90.4","16","2144"
"Matteo Pessina","86.5","4","854"
"Nicol? Zaniolo","70.3","5","343"
"Arnau Martinez","86.4","18","2624"
"Franck Honorat","67.5","50","1439"
"Jay Idzes","86","8","3127"
"Kike Salas","78.5","6","2238"
"Rico Lewis","91.5","7","1893"
"Tanguy Ndombele","87.2","18","1131"
"Florian Grillitsch","86.6","5","601"
"Yaser Asprilla","72.1","24","1405"
"Samuele Birindelli","75.7","18","1468"
"Luca Marianucci","76.8","3","1069"
"Chrislain Matsima","86","5","2551"
"Riccardo Orsolini","65.8","30","1878"
"Jarrad Branthwaite","82.1","3","2511"
"Maxence Caqueret","83.1","19","1087"
"Samuele Vignato","75.4","1","470"
"Enzo Boyomo","87","4","2987"
"Junior Ndiaye","71.3","5","441"
"Elia Caprile","82.7","0","325"
"Mika Biereth","61.8","22","1228"
"Fraser Forster","84.8","0","630"
"Gaetano Oristanio","69.3","33","2315"
"Alex McCarthy","75","0","450"
"Florian Neuhaus","83.3","6","382"
"Alphonso Davies","89.7","27","1560"
"Matias Fernandez-Pardo","73","16","1065"
"Pedro D?az","78.8","26","1211"
"Anastasios Douvikas","71","3","700"
"Mart?n Payero","77.8","15","1381"
"Ferland Mendy","93.9","3","1005"
"?ngel Ort?z","74.2","3","353"
"Sekou Mara","69.2","5","768"
"Stefan de Vrij","93.3","1","1636"
"Marquinhos","94.9","9","1725"
"Christian N?rgaard","81.6","18","2819"
"S?vio","80.8","46","1766"
"Georginio Rutter","66.8","19","1656"
"Leandro Paredes","88","21","1373"
"Cl?ment Lenglet","87.5","5","1972"
"Jes?s Santiago","72.8","0","372"
"Domagoj Bradari?","72.4","25","1933"
"Dominik Szoboszlai","84.3","56","2491"
"Manuel Lazzari","79.1","20","1406"
"Iv?n Balliu","75.8","7","1200"
"Gregor Kobel","80","1","2880"
"Dan Ndoye","73.7","27","2143"
"Antonio Nusa","74.2","20","1558"
"Dwight McNeil","74.5","37","1371"
"Arnaut Danjuma","72.6","22","1335"
"Ayyoub Bouaddi","87.7","5","1151"
"Nikola Vasilj","73.6","1","2969"
"Kamaldeen Sulemana","79.8","10","1402"
"Ander Guevara","76.6","12","1947"
"Khalil Fayad","82.9","7","1028"
"Matt Doherty","82.8","12","2109"
"Balthazar Pierret","83.6","10","1723"
"Alberto Moreno","82.5","19","1727"
"William Carvalho","86.8","6","484"
"Raheem Sterling","78.6","8","499"
"Sergi Cardona","77.3","45","2945"
"Luke Woolfenden","88.3","0","1187"
"El Chadaille Bitshiabu","84.4","5","1130"
"Mads Hermansen","61","0","2385"
"Wout Faes","88","4","2815"
"Mats Hummels","89","2","915"
"Dani Carvajal","86.2","5","609"
"Jamie Vardy","66.3","19","2823"
"Abdoulaye Tour?","82","7","2324"
"Albert Gu?mundsson","83","15","1273"
"Rasmus Nicolaisen","88.1","2","623"
"Dante","88.5","4","1964"
"Andrea Colpani","80.7","17","1432"
"Unai L?pez","84.2","19","1707"
"Niklas Dorsch","83.4","13","1335"
"H?ctor Fort","90.1","10","585"
"Rayan Raveloson","86.6","3","724"
"Mathis Amougou","77.1","7","859"
"Manuel Akanji","93.6","9","2014"
"Jeff Ekhator","66.7","11","769"
"Lucas Oliveira Rosa","76.5","13","1890"
"Jonas Omlin","73.1","0","978"
"Daler Kuzyaev","81.2","2","567"
"Adam Lallana","85","4","361"
"Domingos Duarte","78.5","2","1859"
"Djibril Sidib?","79.7","18","2101"
"Adama Boiro","79.9","5","1101"
"Saidou Sow","83.2","2","799"
"Erling Haaland","66.9","29","2736"
"Lucas Tousart","66.7","3","561"
"Andrej Ilic","57.6","6","937"
"Josip Stani?i?","91.6","14","876"
"Miguel Guti?rrez","82.6","41","2458"
"Bamo Me?t?","88.4","0","424"
"Nicol?s Valentini","67.5","6","1129"
"Ra?l Moro","64.9","44","2341"
"Lazar Samardzic","77.9","35","1169"
"Jonathan Ikone","81","2","540"
"Lucas Stassin","74","18","1887"
"Duje ?aleta-Car","91","2","1584"
"Marius Wolf","68.5","45","2144"
"Alisson","82.8","1","2508"
"Jean-Clair Todibo","87.9","2","1825"
"Juan Cruz","68.2","24","2257"
"Yankuba Minteh","62.5","29","1838"
"Boubacar Kamara","88.6","11","1726"
"Soungoutou Magassa","84.6","7","1025"
"Carlos Romero","71.4","29","2554"
"Anthony Rouault","90","6","1212"
"Ezri Konsa","92.9","6","2936"
"Ferr?n Torres","74.2","19","1106"
"Aitor Paredes","83.3","2","1812"
"Domingos Andr? Ribeiro Almeida","84.3","43","1977"
"Kike P?rez","74.8","16","1114"
"Waren Kamanzi","83","12","1022"
"Nicol? Casale","87.5","3","900"
"Kenny Lala","76.1","41","2686"
"Cristian C?sseres Jr.","78.8","27","2696"
"Bojan Miovski","76.1","4","869"
"Pascal Gro?","80.7","57","2327"
"Julien Le Cardinal","86.4","5","1378"
"Carmona","80.5","19","2942"
"Alessandro Bastoni","88.4","27","2333"
"Marc Gu?hi","83.5","16","3059"
"Zinedine Ferhat","67.2","17","849"
"Nikola Vla?i?","79.8","32","2117"
"Eren Dink?i","75.4","23","1196"
"Dominik Kohr","81.1","11","2295"
"Lukas Klostermann","88.4","2","1838"
"Sirlord Conteh","70.5","14","892"
"Santiago Pierotti","71.3","25","1937"
"Evanilson","71.3","26","2319"
"Djed Spence","85.4","11","1792"
"Osame Sahraoui","83.9","29","1293"
"Maduka Okoye","77.6","0","2250"
"Gleison Bremer","92.9","0","540"
"Ra?l Asencio","93.8","6","1670"
"Silv?re Ganvoula M'Boussy","61.7","1","326"
"Nemanja Gudelj","86.9","14","2493"
"Sebastian Nanasi","79.2","37","2107"
"Kylian Mbapp?","82.9","51","2907"
"Ben Old","74","9","528"
"Kevin Kampl","89","16","1593"
"Ram?n Terrats","64.8","16","1219"
"Magnus Knudsen","84","8","1850"
"Kassoum Ouattara","79.3","6","391"
"Kevin Zeroli","74","2","395"
"Fabio Carvalho","70.8","4","455"
"Pau Torres","88.9","3","2020"
"Luke Thomas","78.4","9","1110"
"?lvaro Morata","75.4","7","1099"
"Andr? Onana","72.6","1","3060"
"Dailon Livramento","53.9","8","940"
"Jo?o F?lix","85.9","6","369"
"Lucas Da Cunha","84.5","55","2613"
"Tom Rothe","68.1","12","1670"
"Amin Sarr","70","22","1907"
"Kyle Walker","87.7","7","970"
"Silvan Widmer","74","2","504"
"Tyrone Mings","88.2","3","1120"
"Adam Obert","76.9","10","1077"
"Andriy Lunin","86.1","1","630"
"Becir Omeragic","92.1","3","1799"
"Jurgen Ekkelenkamp","79.7","15","1892"
"Yunus Musah","87.2","23","1571"
"Andrey Santos","88.2","27","2855"
"Ben Brereton","77.1","3","449"
"Lukas K?bler","77.1","11","1842"
"Atakan Karazor","86.6","15","2618"
"Antonio Sanabria","78.4","9","1318"
"Davide Zappacosta","82.7","23","2067"
"Mart?n Zubimendi","83.6","19","2962"
"Beno?t Badiashile","89.8","0","334"
"Yannik Engelhardt","88.7","12","1164"
"Angeli?o","78.4","50","3177"
"Juli?n Malatini","86.4","2","454"
"Joachim Andersen","82.7","4","2583"
"Eldor Shomurodov","75.2","17","1097"
"Derrick K?hn","79.3","16","1343"
"Dimitris Giannoulis","74.7","42","2650"
"Giacomo Raspadori","68.3","28","1103"
"Goduine Koyalipou","69.8","10","885"
"Juan David Cabal","87.7","1","460"
"Jurri?n Timber","85.6","17","2417"
"Abdul Mumin","82.9","1","2017"
"J?rgen Strand Larsen","64.6","21","2587"
"Nicolas Cozza","77.7","7","2051"
"Jordan Ayew","74.3","16","1638"
"Tijjani Reijnders","87.5","47","3128"
"Leif Davis","71.6","61","2743"
"Haris Tabakovic","62.9","9","821"
"Mikel Vesga","79.6","12","988"
"Thierno Barry","62","23","2323"
"Daniel Mu?oz","75.7","46","3228"
"Ruben Vargas","83.7","6","305"
"Trevoh Chalobah","90","3","910"
"Antoniu","67","7","1022"
"Yann Karamoh","67","9","1046"
"Ben White","83.8","10","1198"
"Arthur Melo","92.4","5","941"
"Ludovic Blas","73.9","47","2293"
"Kenan Y?ld?z","79.7","57","2402"
"Issa Soumar?","61.2","28","1902"
"Cl?ment Akpa","82.5","8","2486"
"C?sar T?rrega","84.4","3","3026"
"Przemys?aw Frankowski","80.1","20","1387"
"Adrian Bernabe","83.6","22","1453"
"Daniele Ghilardi","78.4","6","2029"
"Carlos Augusto","88.3","9","1625"
"Stanley N'Soki","85.8","7","1308"
"Tim Drexler","85","1","357"
"Dennis Appiah","76.6","13","2128"
"Lilian Raolisoa","69.5","14","1318"
"Neco Williams","75.5","18","2594"
"Jaydee Canvot","86.2","4","1106"
"Ryan Christie","79.3","41","2117"
"Jesus Vazquez","77.2","3","919"
"K?vin Danois","81.5","25","1460"
"Stefan Bajcetic","71.8","7","969"
"Mattia Felici","67.9","10","925"
"Nico O?Reilly","86.4","4","528"
"Lucas Beraldo","94.4","8","2011"
"?scar Valent?n","82.9","13","1835"
"Ado Onaiwu","73.3","10","957"
"Santiago Mouri?o","78","7","1849"
"Takefusa Kubo","72.1","45","2372"
"Koni De Winter","86.6","3","2135"
"Mark McKenzie","86.1","4","2496"
"Jake O'Brien","79.6","6","1571"
"Matteo Prati","72","6","570"
"Youssef Maleh","71.1","12","1510"
"Selim Amallah","78.3","13","1376"
"Carl Johansson","87.9","6","568"
"Callum Hudson-Odoi","82","44","2194"
"Jacob Bruun Larsen","74.2","8","400"
"Antonino Gallo","66.2","44","2609"
"Corentin Tolisso","84.8","31","2329"
"Nick Woltemade","70.6","37","1622"
"Callum Wilson","75.5","3","370"
"Tyler Adams","84.4","18","1965"
"Angelo Stiller","87.4","59","2741"
"Ibrahima Sissoko","75","27","2610"
"Tymoteusz Puchacz","70.3","8","396"
"Faustino Anjorin","80.5","17","1114"
"Josip Juranovi?","64.5","27","1159"
"Josu? Casimir","68.7","26","1997"
"Martin D?bravka","79.6","0","900"
"Maarten Vandevoordt","78.9","0","429"
"Sa?l ??guez","78.3","22","1553"
"Falaye Sacko","83.6","7","1233"
"Lucas Perri","76.8","1","2970"
"Marvin Pieringer","65.8","30","2206"
"James Ward-Prowse","79.7","4","400"
"?scar Trejo","83.7","9","496"
"Alex Padilla","55.4","0","321"
"Souma?la Coulibaly","88.6","1","438"
"Gautier Lloris","87.2","5","2768"
"Santi Comesa?a","84.6","27","2560"
"Juli?n ?lvarez","74.2","41","2509"
"Alexander Schwolow","71.5","0","540"
"Alex Palmer","70.7","1","1170"
"Mateu Morey","77.2","4","741"
"Hamari Traor?","82.8","3","700"
"Kelvin Amian","80.1","13","2165"
"Tim Kleindienst","60.9","29","2737"
"Pavel Kade??bek","70.1","21","1576"
"Pau Cubars?","93.5","9","2618"
"Dara O'Shea","78.2","3","3122"
"Pasquale Mazzocchi","80.3","5","702"
"Alex Sola","64","9","1029"
"Louis Leroux","82.7","12","816"
"Arthur Theate","82.6","13","2704"
"Florian Grillitsch","82.8","8","623"
"Kaoru Mitoma","75.8","37","2603"
"Sheraldo Becker","63.9","8","995"
"Raoul Bellanova","77.3","34","2402"
"Ansgar Knauff","66.7","27","1597"
"Mihailo Risti?","77.6","4","429"
"Roberto F?rnandez","72.2","8","1497"
"Isco","81.6","61","1547"
"Pablo Mar?n","80.1","14","1239"
"Antony","81","36","1362"
"Kevin Akpoguma","87.1","7","2220"
"Jacob Ramsey","84.8","21","1623"
"Julian Brandt","78.8","61","2303"
"Saba Goglichidze","77.9","3","2539"
"Ondrej Duda","78.3","32","2395"
"Jens Cajuste","82.6","13","1959"
"Jesper Karlsson","69","10","495"
"Fermin L?pez","81.8","29","1252"
"Igor","91.9","2","961"
"Alejandro Balde","88","26","2284"
"Lewis Ferguson","86.5","14","983"
"David de Gea","73.2","3","3060"
"Philipp Hofmann","63.5","26","2277"
"Jeffrey Gouweleeuw","82.6","14","2944"
"Tanguy Nianzou","90.8","0","518"
"Murillo","78.5","13","3188"
"Benjamin Lecomte","67.6","3","2700"
"Koka","78.1","5","851"
"Amad Diallo","83.8","49","1901"
"Jofre","67","24","2165"
"Marco Asensio","86.9","16","618"
"Gerrit Holtmann","65.7","20","1136"
"Luca Mazzitelli","79.2","6","335"
"Carlos Alcaraz","80.6","13","764"
"Pablo Ib??ez","74.9","6","1294"
"Jarell Quansah","90.8","2","495"
"Sergi G?mez","88.9","0","664"
"?lex Moreno","72","8","955"
"?der Milit?o","89.3","6","938"
"Manu Morlanes","88.9","10","1338"
"Habib Diarra","83","27","2352"
"Baptiste Santamaria","82.6","9","927"
"Robin Hack","76.2","32","2172"
"Alejandro Garnacho","78.9","37","2199"
"Alessandro Deiola","73.4","6","1432"
"Bryan Cristante","82.3","18","2045"
"Hugo Sotelo","85.8","19","1254"
"Juan Jesus","89.6","1","1074"
"Jackson Irvine","70.6","32","2610"
"Oier Zarraga","82.4","6","896"
"Melvin Bard","77.4","15","1938"
"Francisco Perez","73.5","7","570"
"Tom Krau?","80","12","1077"
"Tom?? ?van?ara","71.5","6","831"
"Christian Gytkj?r","55.4","7","754"
"Elif Elmas","80.4","9","1021"
"Florian Sotoca","73.5","18","1794"
"Paulo Dybala","81.8","40","1417"
"Marc Roca","86.4","12","906"
"Luis D?az","84.2","56","2399"
"Maxence Caqueret","79.9","10","573"
"Henrique","85.8","2","352"
"Sebastiaan Bornauw","81.8","1","788"
"Adam Smith","75.7","8","1590"
"Juan Soriano","53","0","540"
"Mathias Jensen","74.7","16","862"
"Andr? Silva","70.7","5","375"
"Yanis Zouaoui","68.6","28","976"
"Nicolas Viola","63.1","28","1267"
"Victor Lindel?f","93.8","3","704"
"Ruben Loftus-Cheek","89.7","16","1037"
"Christos Mandas","71.6","0","810"
"Jonny Evans","88.5","0","315"
"Amine Harit","83.5","19","519"
"Antoine Griezmann","74.8","48","2469"
"Keita Bald?","89.2","4","638"
"Mateus Fernandes","79.9","34","2909"
"Souleymane Tour?","91.7","2","733"
"?rjan Nyland","63.3","4","2673"
"Pol Lozano","83.8","17","1943"
"Koke","88","16","1926"
"Karim Adeyemi","74.3","28","1433"
"Shavy Babicka","67.1","13","1186"
"Ridgeciano Haps","77.7","7","1369"
"Christantus Uche","65.4","29","2486"
"Max Rosenfelder","85.3","5","1249"
"Leon Goretzka","89.9","12","1325"
"N?lson Semedo","80.8","25","2886"
"Phil Harres","56.6","10","1544"
"Abdoulaye Niakhate Ndiaye","86.4","1","1707"
"Sandro Ram?rez","64.2","28","2034"
"Dennis Man","79.6","45","1995"
"Cody Gakpo","75.7","38","1935"
"Frans Kr?tzig","75.9","28","1217"
"Marko Arnautovi?","71.5","7","527"
"Theo Hern?ndez","83.8","47","2696"
"Isma?l Bennacer","91","13","646"
"Ivan Smol?i?","83","2","630"
"Cristiano Biraghi","83.8","6","433"
"Maxime Bernauer","88.1","1","763"
"Arthur Desmas","78.7","1","1620"
"Giangiacomo Magnani","80.7","1","1065"
"Douglas Luiz","86.5","15","529"
"R?ben Dias","93.5","5","2271"
"Anuar","81.4","7","1720"
"Omar Mascarell","84","3","1992"
"Dani Ceballos","94.3","22","1215"
"Maximilian Wittek","70.6","46","2706"
"Armando Izzo","87.9","11","2435"
"Dilane Bakwa","72.9","47","2497"
"Lewis Miley","88","1","313"
"Tijjani Noslin","75","12","861"
"Felix Nmecha","87.9","14","1509"
"Nampalys Mendy","89.7","1","588"
"Andy Diouf","79.5","33","2225"
"Sorba Thomas","65.5","36","1321"
"Leandro Trossard","74.5","41","2546"
"Joris Chotard","81.8","7","1892"
"Lo?c Bade","85.7","4","2686"
"Sergio Camello","78.7","19","1134"
"Pep Chavarr?a","79.7","24","2585"
"Jonathan Ikone","84.3","2","334"
"Yarek Gasiorowski","80.3","3","947"
"Matteo Cancellieri","67.4","11","1424"
"Daniel Fila","77.8","6","492"
"Vladim?r Coufal","78.6","8","1067"
"Wilfred Ndidi","80.3","17","2324"
"Timothy Weah","83.7","19","1638"
"Amine Adli","74.2","11","766"
"Dodi Lukebakio","74.1","54","3092"
"Marco Carnesecchi","75","1","3060"
"Nicol? Zaniolo","83.3","7","356"
"Deniz Undav","73.2","26","1726"
"Ederson","87.9","4","2320"
"Reda Belahyane","83.7","16","1658"
"Granit Xhaka","89.7","50","2888"
"Aitor Ruibal","80.9","20","1313"
"Nicol?s Dom?nguez","86.7","13","1963"
"Ra?l Albiol","89.4","0","1188"
"Jonas Martin","88.8","3","496"
"Jeremy Agbonifo","72.5","3","300"
"Abdel Abqar","76.6","8","2463"
"Leonardo Spinazzola","79.3","26","1517"
"Shuto Machino","64.2","27","1953"
"Anton?n Kinsk?","77","1","540"
"Iker Mu?oz","78.9","6","610"
"Pedri","87.4","70","2879"
"Aaron Wan-Bissaka","81.1","33","3154"
"Facundo Buonanotte","76.4","24","1523"
"Tete Morente","74.8","25","2021"
"Giovani Lo Celso","79","43","1457"
"Stefan Posch","78.4","10","714"
"Filip J?rgensen","83.6","0","540"
"Vanja Milinkovi?-Savi?","68","3","3330"
"Luke Shaw","85.9","5","349"
"Stefan Lekovic","86.2","0","367"
"Alessandro Zanoli","66.9","19","1711"
"Eric Garc?a","92.1","7","1566"
"Elliot Anderson","78.3","37","2728"
"Oihan Sancet","81","21","1620"
"Nathan Collins","85.9","10","3420"
"Munir El Haddadi","75","8","862"
"J?r?my Jacquet","83.5","4","927"
"Fikayo Tomori","92.4","8","1593"
"Math?as Olivera","85.4","25","2370"
"Rodrigo Riquelme","78.1","15","516"
"Alphonse Areola","69.6","0","2260"
"Noah Okafor","73.3","4","414"
"Giovanni Di Lorenzo","83.6","37","3330"
"Jamal Musiala","82.6","41","1798"
"Caleb Ekuban","67.3","8","555"
"Ryan Yates","81.5","18","1915"
"Leopold Querfeld","80.8","10","1747"
"Nathan Patterson","73.9","4","347"
"Rom?o Lavia","91.7","7","797"
"Arthur Atta","80.4","18","1251"
"Lautaro Gianetti","82.6","2","878"
"Nhoa Sangui","83.9","5","1158"
"Adam Masina","84.1","4","1919"
"Gon?alo Guedes","74.2","14","995"
"Ridle Baku","74.1","13","1170"
"Sacha Boey","92.4","3","593"
"Sandi Lovri?","78.7","32","2308"
"Christian Pulisic","76.5","69","2478"
"Yehor Yarmoliuk","87","9","1450"
"Emmanuel Agbadou","85.4","4","1410"
"Milos Kerkez","75.8","35","3336"
"Mikael Ellertsson","71","20","2470"
"Jude Bellingham","86.1","42","2488"
"Javi Rodr?guez","86.7","13","2514"
"Sam Johnstone","66.2","1","630"
"Ilaix Moriba","85.7","20","2132"
"Nicol?s Tagliafico","86.6","5","1902"
"Iker Losada","75","5","358"
"Nikolas Veratschnig","72.6","5","364"
"Francisco Concei??o","78.3","28","1340"
"Benjamin Andr?","83","21","2692"
"Mirko Mari?","74.6","2","356"
"Lucas V?zquez","87.1","33","2189"
"Michael Keane","82.8","2","1049"
"Maroan Sannadi","72.3","7","754"
"Cedric Zesiger","78.6","7","1221"
"Emmanuel Gyasi","77.1","17","3217"
"Carlos G?mez","73","5","381"
"Daley Blind","88.8","19","2780"
"Stephan El Shaarawy","79.2","15","1098"
"Wojciech Szcz?sny","88.5","0","1350"
"Etienne Youte Kinkoue","89.1","3","2320"
"Jes?s Navas","77.5","10","424"
"Cheick Doucour?","85.3","1","452"
"Leonardo Balerdi","93.8","8","2273"
"Santiago Gim?nez","80.6","6","669"
"Reiss Nelson","86.6","13","487"
"Yerson Mosquera","85.4","2","441"
"Abdallah Sima","69.6","13","1238"
"Marco Silvestri","63.5","0","450"
"Idrissa Gana Gueye","86.5","19","3063"
"Danilo","90.6","3","581"
"Juli?n Chicco","79","2","302"
"Rani Khedira","73.7","12","2723"
"Nathaniel Brown","80.7","39","1947"
"Diego Coppola","81.1","3","2927"
"Alejandro Franc?s","84.3","4","1173"
"Pablo Mar?","89.7","3","1628"
"Fredrik Jensen","69.5","11","763"
"Fran Beltr?n","88.6","15","2421"
"Roberto L?pez","73.1","10","396"
"Teddy Teuma","79.2","13","750"
"Emile Smith Rowe","90.1","24","2043"
"Chris Richards","79.8","2","1922"
"Jens Stage","77","23","2204"
"Juan Cuadrado","79.2","19","832"
"Hafiz Ibrahim","60","4","391"
"Wladimiro Falcone","60.9","0","3420"
"Guillermo Marip?n","86.3","5","2340"
"Carles Ale??","76.1","19","1090"
"Piotr Zieli?ski","89.5","14","980"
"Nicolas Pallois","83.6","3","2017"
"Isaac Palaz?n Camacho","77.1","48","2162"
"Nicol?s Paz","80.6","54","2687"
"?lex Grimaldo","81.2","73","2636"
"Lucas Hern?ndez","91.7","1","877"
"Alassane Pl?a","72.1","25","1902"
"Marvin","73.7","6","1038"
"Bernardo Silva","86.8","53","2670"
"Isak Hien","89.7","2","2327"
"Kevin Vogt","88.1","2","1367"
"Jaka Bijol","83.6","12","2963"
"Yvann Macon","73.8","6","790"
"Stefan Posch","83.7","0","387"
"Finn Porath","66.9","22","1970"
"Juanmi","76.6","4","696"
"Mitchel Bakker","77.8","23","1139"
"Luis Henrique","81","53","2613"
"Thibaut Courtois","83.1","1","2700"
"?lvaro Pascual","64.9","2","408"
"Jack Harrison","62.8","33","2076"
"Michel Ndary Adopo","83","19","2409"
"Mattia Bani","87.4","2","1507"
"Rolando Mandragora","77.8","31","1856"
"Flavius Daniliuc","83.5","2","1004"
"Jan Oblak","80.5","0","3240"
"Thomas M?ller","75","35","1225"
"Aleksandr Golovin","77.1","24","1153"
"Federico Dimarco","76.3","48","2140"
"Hamed Junior Traor?","74.1","27","2093"
"Antoine Hainaut","75","9","1206"
"Matthis Abline","65.2","27","2768"
"Ibrahim Sissoko","66.3","7","819"
"Kamil Grabara","69.4","2","2585"
"Eray C?mert","87.7","0","1779"
"Josha Vagnoman","80.4","22","1834"
"Michele Di Gregorio","76.6","1","2970"
"Hassane Kamara","75.7","24","2001"
"Nadiem Amiri","77","63","2473"
"Will Hughes","76","33","2108"
"Kosta Nedeljkovi?","81.5","3","479"
"Daniel Maldini","68.3","12","1306"
"Marcus Rashford","71.3","13","444"
"Jarrod Bowen","71.7","51","2973"
"Patrick Dorgu","81","12","842"
"Aridane Hern?ndez","87.9","2","1025"
"Brice Samba","81.1","0","1350"
"Sead Kola?inac","87.5","17","1903"
"Florian Lejeune","83.8","14","3325"
"V?ctor Meseguer","78.3","1","418"
"Leo Skiri ?stig?rd","83.9","3","927"
"Philipp Treu","80","22","2881"
"Kevin Schade","59.7","23","2293"
"Olasagasti","77.1","6","857"
"Guimissongui Ouattara","85.6","3","471"
"Samuel Essende","64.8","11","1636"
"Marc-Oliver Kempf","87.2","10","2615"
"Vedat Muriqi","60.6","26","2058"
"Morgan Guilavogui","65.9","27","1807"
"Anthony Jung","89.6","2","1898"
"Marko Ivezi?","86","4","1657"
"Mert K?m?r","71.9","13","654"
"?ngel Correa","73.6","14","805"
"Matz Sels","52","2","3420"
"Junior Mwanga","82.2","7","952"
"Sandro Tonali","83.7","28","2630"
"Luca Ranieri","85.4","16","2981"
"Lamine Yamal","74.8","64","2856"
"Gorka Guruzeta","72.5","15","1840"
"Khvicha Kvaratskhelia","76.4","28","1178"
"Lamine Camara","82.8","44","2054"
"Armindo Sieb","69.7","8","762"
"Taylor Harwood-Bellis","87.4","14","2825"
"Patrizio Masini","76.9","6","1538"
"Joan Jord?n","74.9","31","1414"
"Niclas F?llkrug","67.2","14","790"
"Semuel Pizzignacco","74.2","0","736"
"Nicola Leali","71.1","0","2610"
"Ryan Fraser","74.8","2","306"
"Elvis Rexhbe?aj","70","16","1785"
"D?sir? Dou?","82.3","55","1730"
"Keven Schlotterbeck","84.5","7","1297"
"Alex Iwobi","75.1","59","2981"
"Marcus Rashford","73.8","15","978"
"Christian Mawissa","87.5","1","1501"
"Sean Longstaff","84.5","4","798"
"Alban Lafont","69.8","2","1080"
"Andr? Ayew","76.1","8","1453"
"Exequiel Palacios","90.1","28","1155"
"James Garner","76.1","13","1594"
"Jens Odgaard","74.8","16","1952"
"Javi Hern?ndez","75.2","17","2389"
"Marco Bizot","69.1","0","2880"
"Valent?n Barco","82.9","8","1157"
"Amine Gouiri","78.2","8","1037"
"Moses Simon","62","56","2609"
"Enrico Del Prato","84","14","2947"
"Joe Willock","82.6","22","1086"
"Dani Rodr?guez","69.7","33","2162"
"?lex Mu?oz","79.7","7","1415"
"Alfonso Espino","74.3","5","833"
"Armando Broja","72.6","4","334"
"Antonio R?diger","91.8","7","2291"
"Allan Nyom","79.5","5","887"
"Rayan Cherki","78.5","75","2041"
"Phillip Tietz","62.4","22","1686"
"Unai G?mez","73.1","10","1284"
"Mitchell Weiser","73.9","42","2868"
"Jack Hinshelwood","83.2","17","1842"
"Adri? Pedrosa","74.1","20","2298"
"Giovanni Leoni","87.7","1","1199"
"Nikola Milenkovi?","82.3","9","3330"
"Andreas Skov Olsen","80.4","18","535"
"Michel Aebischer","87.4","8","724"
"Luca Kerber","73.7","6","783"
"Enzo Barrenechea","86.5","15","2191"
"??rir J?hann Helgason","64.6","22","1156"
"Ra?l","69","3","750"
"Marcos Llorente","85.5","28","2513"
"Viti","81","12","1982"
"Dario Essugo","85.4","13","1938"
"Dimitry Bertaud","71.9","0","360"
"M'Bala Nzola","75.2","20","1460"
"Kostas Tsimikas","84.1","16","837"
"Gabriel Osho","88.8","1","1654"
"Mathias Honsak","70.1","14","1181"
"Timo Werner","66.9","10","516"
"Henri Koudossou","78.8","10","748"
"Marius B?lter","67.2","22","1729"
"Mahamadou Diawara","82.8","7","582"
"Jesper Lindstr?m","69.4","19","1239"
"Johann Lepenant","80.3","8","2048"
"Pablo Fornals","80","36","1827"
"?ukasz Fabia?ski","67.1","0","1160"
"Jordy Makengo","79.1","2","745"
"Carlos Soler","85.2","18","1409"
"Denzel Dumfries","72.6","21","1865"
"Samuel Mbangula","85.5","15","709"
"Pierre H?jbjerg","92.4","43","2664"
"Mohammed Salisu","85.4","3","1023"
"Julian Araujo","79.1","1","497"
"Angelo Fulgini","78.1","28","1045"
"Bryan Gil","81.8","21","1721"
"Nicolas H?fler","86.4","3","794"
"Junior Messias","63.7","8","847"
"Jadon Sancho","82.6","38","1764"
"Anthony Gordon","73.3","51","2434"
"Antoine Mendy","81.1","2","825"
"F?lix Lemar?chal","79.4","29","1779"
"Alessandro Marcandalli","73.3","0","354"
"Anthony Losilla","76.6","7","1137"
"Ben Davies","87.6","2","1331"
"Pape Gueye","79.6","17","2224"
"Daniel Svensson","79.3","10","781"
"Neal Maupay","84.2","13","1042"
"Ibrahim Mbaye","86.5","3","340"
"Ger?nimo Rulli","87.9","2","3060"
"Martin Terrier","81.9","8","584"
"Niklas S?le","92.8","3","1053"
"Robin Le Normand","90.4","3","2151"
"Mohamed Abdelmoneim","90.4","0","855"
"Samuel Chukwueze","75.8","27","925"
"Clinton Mata","88.5","11","2370"
"Cher Ndour","81.1","1","406"
"Cameron Burgess","80.9","7","1541"
"Justin Njinmah","61.7","12","952"
"Amadou Haidara","80.2","5","1320"
"David L?pez","92.1","4","2429"
"Ademola Lookman","72.5","61","2247"
"Ibrahim Sangar?","85.4","4","590"
"Iv?n Villar","81.2","0","360"
"Dominik Javor?ek","70.6","4","386"
"Filippo Terracciano","87.9","2","539"
"Moritz Broschinski","63.4","13","1390"
"Ollie Watkins","72.4","24","2598"
"Oumar Solet","88.5","17","1672"
"Juan Herzog","86.4","0","1315"
"Alfred Duncan","81.1","11","957"
"Yann Sommer","87.6","0","2880"
"Pere Milla","58.8","5","456"
"Arnaud Kalimuendo","78.8","19","2578"
"Rodrigo De Paul","81.7","42","2106"
"Bobby De Cordova-Reid","70.4","6","744"
"Umut Tohumcu","82.7","3","375"
"Emanuel Emegha","80.3","18","2293"
"Bilal El Khannouss","75.1","42","2182"
"Ricardo Rodr?guez","82","7","1274"
"Abel Ruiz","87.9","8","1346"
"Ismaily","87.3","5","904"
"?lex Berenguer","65.8","46","2339"
"Emerson","86.2","15","1377"
"Christopher Operi","71.4","24","1169"
"Andr? Gomes","89.4","10","1276"
"Samuel Amo-Ameyaw","86.2","5","320"
"Ko Itakura","89","7","2790"
"Marcel Sabitzer","84.8","12","1616"
"Kristoffer Ajer","78.3","8","1438"
"Lucas H?ler","65.5","22","1867"
"Be?at Prados","82","11","1715"
"Lucas Digne","74.9","36","2351"
"?or?e Petrovi?","80.4","0","2790"
"Diego Moreira","77.5","30","2568"
"Mamadou Diakhon","77","13","858"
"Rocco Reitz","77.9","16","1830"
"Omar Marmoush","69.8","34","1448"
"Pierluigi Gollini","82.4","0","630"
"Ashley Young","70.9","26","1875"
"Moise Kean","69.9","19","2615"
"Billy Gilmour","88.5","21","1177"
"Marc-Andr? ter Stegen","92.8","0","674"
"Jean-Kevin Duverne","78.3","1","537"
"Almoatasem Al Musrati","87.6","5","386"
"Kieran Trippier","82.5","22","1309"
"Seydouba Ciss?","84.6","17","2435"
"Ilias Akhomach","73.5","9","584"
"Marcus Pedersen","72.9","7","1362"
"Enzo Fern?ndez","79.9","77","2947"
"Alfonso Pedraza","73.7","9","460"
"Iv?n Mart?n","90.2","22","2039"
"Moritz Jenz","84.3","3","1600"
"Arne Maier","76.5","25","938"
"Borna Sosa","79.6","11","1181"
"Ramon Hendriks","83.7","6","1154"
"Alexander S?rloth","63.8","13","1566"
"Emil Krafth","78.5","1","342"
"Pedro Pereira","80.7","14","2665"
"Valentin Rosier","79.3","11","2595"
"Jailson Siqueira","90.4","1","614"
"Noussair Mazraoui","85.7","20","2838"
"Lautaro Mart?nez","74.4","36","2474"
"Stefan Ortega","81.3","0","1100"
"Ainsley Maitland-Niles","85","27","1985"
"Hiroki Sekine","80.8","3","887"
"Hugo ?lvarez","78.9","17","1572"
"Valentin Mihaila","75.4","17","1288"
"Kiko Femen?a","88.9","16","2227"
"Esteban Lepaul","67.1","7","1629"
"Arda G?ler","86.1","40","1250"
"Kepa Arrizabalaga","73.2","1","2790"
"Lucas Bergvall","87.4","11","1212"
"Ivan Provedel","77.4","3","2610"
"Danel Sinani","71.4","24","1250"
"Jon Martin","86.8","4","904"
"Johan V?squez","84.7","7","3041"
"Alessio Iovine","75.2","3","387"
"Nordi Mukiele","80.4","9","899"
"Nicola Zalewski","73.2","10","533"
"Glen Kamara","90.3","5","662"
"Kristjan Asllani","89.2","15","980"
"Pierre Ekwah Elimby","88.2","16","2575"
"Ola Solbakken","70.9","9","760"
"Fernando Calero","85.3","3","715"
"Joseph Okumu","81.5","4","1695"
"Marcin Bu?ka","80.9","1","3060"
"Th?o Sainte-Luce","74.1","8","1018"
"James Justin","78.2","14","2912"
"Raphinha","71.1","91","2839"
"Enzo Loiodice","85.1","5","684"
"Patrick Dorgu","77.5","19","1840"
"Eliesse Ben Seghir","79.3","33","1750"
"Sammie Szmodics","74.1","5","992"
"Michael Svoboda","84.8","5","1314"
"?lvaro Tejero","72.4","33","1238"
"Thomas Meunier","80.4","13","1928"
"David Nemeth","86.4","3","2137"
"Tiago Tom?s","69.3","20","1884"
"Antoine Bernede","73.6","10","594"
"Ionu? Radu","57.7","0","1350"
"Lorenzo Montip?","48.7","0","3240"
"Pietro Pellegri","69.4","7","414"
"Leonardo Bittencourt","84","14","982"
"Kasey McAteer","72.6","9","852"
"Yeremi Pino","73.9","37","1934"
"Harry Wilson","73.3","20","1162"
"Jonathan Clauss","71.9","55","2303"
"Emil Holm","76.2","10","1137"
"Eybi Nije","66.3","4","394"
"Joaqu?n Correa","85.9","10","731"
"Abd?n Prats","66.7","3","456"
"Pablo Mar?","91.3","0","1098"
"Darko Lazovi?","62.4","18","1459"
"Vinicius J?nior","74.7","58","2253"
"Liam Delap","61.3","21","2593"
"Jordan Zemura","76.5","11","1415"
"Achraf Hakimi","88.7","50","2066"
"Wilfried Ndollo","79.5","1","401"
"Maxence Lacroix","81.7","8","3116"
"Mikayil Ngor Faye","88.6","1","688"
"Johannes Eggestein","73.9","24","1853"
"Fran Vieites","63.9","0","360"
"Alessandro Buongiorno","90.8","5","1924"
"Jorge de Frutos","68.3","31","2495"
"Paul Joly","68.7","16","1009"
"Timo Horn","56.9","1","1170"
"Iv?n S?nchez","71.4","24","1404"
"R?zvan Marin","76.1","34","1406"
"Caleb Okoli","86.3","0","1125"
"Zion Suzuki","67.4","0","3314"
"Jo?o Neves","91.2","33","1844"
"Jean-Eudes Aholou","84.3","10","1959"
"Vanderson","77.7","23","2064"
"Matthias Ginter","82.6","9","2561"
"Tanguy Coulibaly","78.5","18","1485"
"Pepe Reina","76.4","0","1034"
"Jota","72","5","334"
"Mario Pa?ali?","87.3","32","1967"
"Michael Olise","81.4","90","2334"
"Dominic Solanke","70.6","14","2201"
"Pablo Rosario","85","16","1775"
"Martin Valjent","85.9","4","2763"
"Edimilson Fernandes","85","8","1105"
"?mit Akdag","78.7","2","500"
"Morten Frendrup","85.4","14","3103"
"Sebastian Walukiewicz","81.1","4","1661"
"Hugo Larsson","86.9","21","2393"
"Jacob Ondrejka","74.8","7","422"
"Timon Weiner","68.8","0","2250"
"Joe Aribo","88.8","16","2013"
"James Hill","64.9","3","448"
"Nikola Krstovi?","66.4","30","3057"
"Jonas Hofmann","87.4","7","356"
"Valentin Gendrey","69.9","16","1414"
"Valentin Rongier","90.3","11","1562"
"Theo Bair","62","10","939"
"Portu","71.3","14","779"
"Jordan Ferri","88.3","13","1773"
"Georges Mikautadze","76.5","21","1449"
"Boulaye Dia","83.6","26","2177"
"Andrei Ratiu","81.6","36","3065"
"Pablo Barrios","86","26","2330"
"Zin?dine Ould Khaled","91.1","0","343"
"Mohammed Kudus","83.6","31","2590"
"Jan Sch?ppner","74.7","25","2681"
"Antonio Candela","74.2","9","1008"
"Alberto Grassi","74.6","7","2203"
"Daniel Parejo","87.5","23","2273"
"Luis Rioja","67.7","35","2831"
"Carlo Boukhalfa","71.3","11","1646"
"Yerry Mina","85.9","4","2569"
"Amath","76.8","6","375"
"Santiago Castro","76.8","28","2294"
"Nicol?s Gonz?lez","76","19","1750"
"Antonio Raillo","88.7","13","3207"
"Marash Kumbulla","84.5","1","2972"
"Matteo Darmian","83.8","15","1781"
"Carlos Mart?n","65.3","13","1333"
"Aaron Cresswell","82.6","9","824"
"Bart Verbruggen","76.9","1","3240"
"Ibrahim Salah","68.2","6","358"
"Adrien Thomasson","81.8","56","2615"
"Yassin Belkhdim","80.9","5","1523"
"Herv? Koffi","72.6","0","450"
"Issa Kabor?","78.9","7","308"
"Diogo Dalot","80.5","26","2814"
"Archie Gray","87.4","3","1751"
"Julian Chabot","89.9","6","2269"
"Gabriel Martinelli","71.4","40","2290"
"Andrej Kramari?","77.7","49","2767"
"Fabian Sch?r","83.7","5","2934"
"Milan ?uri?","49.2","5","1270"
"Caio Henrique Oliveira Silva","74.1","35","1929"
"Antoine Joujou","64.8","15","943"
"Victor Bernth Kristiansen","77.4","18","2482"
"Daniel Mosquera","68.7","12","1375"
"Jubal","86.8","6","2640"
"Amine Gouiri","80.9","26","1048"
"Johnny Cardoso","85.7","9","2144"
"Edon Zhegrova","76","16","978"
"Gianluca Mancini","86","14","3143"
"Leonardo Pavoletti","58.2","9","445"
"Mattias Svanberg","68.7","13","1219"
"Oliver Burke","59.9","14","908"
"Jamie Leweling","70.5","25","1663"
"Robin Zentner","62.9","3","2880"
"Rayan A?t-Nouri","84.2","46","3109"
"Alex Meret","85.9","0","3005"
"Timothy Castagne","81.8","9","1649"
"Justin Devenny","72.2","7","507"
"Arijanet Muric","71.7","0","1620"
"Yan Diomand?","83","14","545"
"Gideon Mensah","79.9","22","2280"
"Luiz L?cio Reis J?nior","73.1","0","1458"
"Sa?d Benrahma","72.1","14","735"
"Gabriel Strefezza","75.6","57","2619"
"Ga?tan Perrin","70.6","73","2691"
"Nelson Weiper","67.1","10","704"
"Romano Schmid","74.5","68","2834"
"Andoni Gorosabel","83.3","15","1485"
"?scar Rodr?guez Arnaiz","72.1","19","1330"
"Maghnes Akliouche","81.3","49","2406"
"Lassine Sinayoko","76.7","37","2299"
"Nathan Ak?","93.9","1","678"
"Ange-Yoan Bonny","75.2","30","2529"
"Magnus Kofod Andersen","79.9","9","695"
"Niklas Stark","85.6","1","2106"
"Anrie Chase","91.9","0","734"
"Remo Freuler","87.7","36","3204"
"Lee Kang-in","87.5","56","1663"
"Marcus Coco","79.5","10","951"
"Mathias Pereira Lage","62.9","22","1571"
"?lvaro Garc?a","64.6","50","2559"
"Benjamin Pavard","91.3","8","1584"
"Manuel Fuster","76.6","28","1003"
"Yaya Kader Fofana","76.3","7","634"
"Dango Ouattara","60","35","2005"
"Takuma Asano","67.6","6","1054"
"M?rgim Vojvoda","83.6","11","1105"
"Eduardo Camavinga","88.3","11","1102"
"Hamza Rafia","77.6","16","1058"
"Oleksandr Zinchenko","84.7","3","527"
"Giovanni Fabbian","71.9","9","1023"
"Brais M?ndez","77.9","23","1531"
"Ander Barrenetxea","70.9","16","1263"
"Ross Stewart","70.5","0","389"
"Sergi Guardiola","66.7","5","362"
"Alberto Dossena","87.6","5","1825"
"Amar Dedi?","84.4","4","314"
"Danilho Doekhi","78.3","13","3060"
"Ousmane Demb?l?","79","63","1730"
"Emerson Palmieri","79.9","16","2113"
"Steve Mouni?","62.7","1","347"
"Jo?o Palhinha","92.4","4","673"
"Florent Hanin","77.5","25","2672"
"Manu Kon?","91.1","19","2572"
"Amos Pieper","84.8","4","1498"
"Joseph Aidoo","89.2","0","583"
"Birama Tour?","82.1","3","300"
"Nathan Tella","74.6","18","1359"
"Teun Koopmeiners","79.9","38","1994"
"Medon Berisha","78","11","716"
"Leroy San?","82.5","36","1637"
"Aur?lio Buta","82.6","10","1970"
"Juanmi Latasa","59.2","13","1398"
"Arouna Sangante","87.1","3","1244"
"Marshall Munetsi","68.5","19","1692"
"Lennard Maloney","71.6","1","760"
"Lassana Coulibaly","81.2","12","2667"
"Luca Netz","81.1","16","969"
"Aar?n Mart?n","72.5","65","3085"
"Junior Adamu","63.5","17","1545"
"Drissa Camara","73.1","5","447"
"Marco Friedl","90.2","3","2161"
"Hernani","75.3","25","1327"
"Diego Conde","81.1","2","1962"
"Karol Mets","83.4","3","900"
"Alessio Romagnoli","91.8","9","2672"
"Charalambos Lykogiannis","71.4","19","1048"
"Aimar Oroz","81.9","41","2966"
"Abdoulaye Doucour?","80.3","28","2564"
"Mathieu Gorgelin","77.8","0","1440"
"Joshua Kimmich","89.5","83","2847"
"Frank Onyeka","83.6","17","2586"
"Yuri Berchiche","84","18","2044"
"Hamzat Ojediran","79.9","2","416"
"Pau Victor","81","8","319"
"Giorgio Altare","72.8","1","753"
"Jota Silva","60.2","14","854"
"John McGinn","81.9","31","2223"
"Nicolas Seiwald","82.7","20","2084"
"Yehvann Diouf","69.6","0","3060"
"Ante Budimir","56.1","16","2952"
"Deiver Machado","83.6","20","1805"
"Gianluca Caprari","79.1","30","1651"
"Lutsharel Geertruida","86.7","10","1557"
"Andrea Belotti","75","7","593"
"Gabriel Magalh?es","90.2","13","2363"
"Anton Stach","82.6","26","2585"
"Niccol? Pisilli","83.5","10","1227"
"Son Heung-min","78.9","50","2110"
"Nahuel Molina","79.9","13","1590"
"Julian Weigl","88.3","11","2881"
"Destiny Udogie","87.2","16","1924"
"Jacob Murphy","68.5","42","2360"
"Giorgos Kyriakopoulos","74.8","41","2845"
"Ivan Ili?","83.4","9","920"
"Lucien Agoume","81.5","27","2114"
"Rodrygo","85.9","49","1928"
"Pedro Neto","78.4","46","2269"
"Conor Coady","91.1","1","1714"
"Chuky san jose","68.7","8","728"
"Albert Sambi Lokonga","89.4","19","1471"
"Adrien Truffert","78.9","39","2752"
"Ngal'Ayel Mukau","89.1","12","1190"
"Philipp K?hn","75.8","0","1710"
"Mois?s Caicedo","89.7","30","3351"
"Declan Rice","83.4","59","2825"
"Frenkie de Jong","94.4","21","1143"
"Adam Wharton","75.6","26","1318"
"Jonas F?hrenbach","72.5","14","1832"
"Toni Mart?nez","58.3","11","1012"
"Myles Lewis-Skelly","91.2","8","1369"
"Marco Komenda","78.8","9","1307"
"Willian Pacho","94.8","3","2132"
"Nabil Bentaleb","86.1","1","329"
"?lex Valle","85","11","1030"
"Eric Dier","93.8","3","1463"
"Bryan Mbeumo","66.1","70","3414"
"Guillaume Restes","72.4","1","2543"
"Alessio Zerbin","65.4","24","1518"
"Luca Caldirola","90.4","2","876"
"Hwang Hee-chan","81.4","3","661"
"Rafael Tol?i","87.7","3","468"
"Andrew Robertson","82.7","40","2482"
"Danny da Costa","78.4","10","2006"
"Mark Travers","70.4","0","450"
"Niels Nkounkou","68.9","9","382"
"Maxim Leitsch","78.1","2","674"
"Gustav Isaksen","76.6","35","2210"
"Maximilian Beier","70.5","24","1591"
"Yahia Fofana","68.7","1","2970"
"Sam Morsy","86.4","24","2751"
"Cole Palmer","77","87","3191"
"Pawe? Dawidowicz","81.9","0","1845"
"Oliver McBurnie","65.9","24","1837"
"Alen Sherri","72.4","1","621"
"Ibrahima Niane","68.4","9","943"
"Pol Lirola","83.1","8","680"
"Thilo Kehrer","89.9","5","2383"
"Joelinton","82.7","23","2393"
"Joshua King","70.7","17","1673"
"Nico Williams","70.5","40","1996"
"Tim Oermann","82.4","7","2213"
"Jaime Mata","67.9","3","656"
"Steve Mandanda","70.7","2","1486"
"Malick Thiaw","93.1","4","1806"
"Tom Louchet","81.7","14","775"
"Jo?l Schingtienne","86.2","3","1122"
"Zakaria Aboukhlal","63.3","12","1901"
"Ferdi Kadioglu","82.3","5","385"
"Lisandro Mart?nez","89.4","9","1751"
"Nicol? Savona","89.5","16","1724"
"Alex Scott","83.6","12","755"
"Sergio Herrera","69.9","0","3330"
"Alexis Claude-Maurice","82.9","21","2109"
"Jean Onana","80.6","2","304"
"Tommaso Baldanzi","84","10","832"
"Wahbi Khazri","68","18","1118"
"Paulo Gazzaniga","80","0","3195"
"Andre-Frank Zambo Anguissa","84.5","26","2852"
"Jean-Charles Castelletto","88.6","2","2620"
"Senne Lynen","82.9","8","2733"
"Amadou Kon?","86","8","1293"
"Robert S?nchez","69.7","2","2880"
"Amir Richardson","87.6","8","1024"
"Path? Ciss","84.7","16","2140"
"Tino Kadewere","75.1","8","512"
"Augusto Batalla","66.6","1","2880"
"Diogo Leite","78.6","13","2546"
"Che Adams","74.3","26","2652"
"Omar Alderete","65.5","11","2971"
"Sa?l Coco","88.3","1","2845"
"Mo?se Bombito","90.2","2","2192"
"Samu Costa","80.7","15","2649"
"Takumi Minamino","70.7","40","2231"
"Adam D?wiga?a","81.6","0","373"
"Adam Maru?i?","84.9","13","2337"
"Nikola Maksimovi?","92.9","2","581"
"Mateo Kova?i?","92.6","33","2198"
"Thiago Almada","84.9","22","951"
"Christopher Wooh","87.1","2","1456"
"Milan Badelj","81.5","12","1472"
"Cristian Romero","89.5","7","1416"
"Kiliann Sildillia","73.2","7","801"
"Marc Domenech","69.4","5","303"
"Miguel","58.6","7","1724"
"L?o P?trot","80.4","16","2634"
"Bernd Leno","81.8","2","3420"
"Andrea Carboni","85.5","4","2191"
"David Soria","49.9","0","3420"
"Alexandre Lacazette","71.8","26","2051"
"Artem Dovbyk","74.1","25","2418"
"Serhou Guirassy","72.7","25","2598"
"Jeong Woo-yeong","75.3","18","1263"
"Jordan Teze","79.1","13","569"
"Alexander N?bel","77","3","3060"
"Emmanuel Biumla","88.2","1","1336"
"Maximilian Mittelst?dt","83.4","47","2469"
"Budu Zivzivadze","69.3","12","958"
"Simon Sohm","85.2","20","2989"
"Adam Armstrong","80.2","9","1248"
"Sinaly Diomande","84.6","4","1945"
"Keane Lewis-Potter","77.1","26","3093"
"Obite N'Dicka","92.1","8","3420"
"Isma?l Doukour?","88.7","11","2639"
"Jorge Cuenca","83.8","0","351"
"Gabriel Suazo","79.6","40","2163"
"Ronald Ara?jo","91.9","4","754"
"Arvid Brorsson","90.7","0","362"
"Jacques Ekomie","70.4","0","697"
"Manuel Ugarte Ribeiro","87.9","10","1785"
"Jordan Pickford","66.3","2","3420"
"Stefano Sabelli","68.5","18","2058"
"Matheus Cunha","71.6","56","2597"
"Lamare Bogarde","88.2","2","476"
"Carles P?rez","67.3","17","1431"
"Lameck Banda","77.2","11","610"
"Alex Baena","66.6","95","2595"
"Rub?n Garc?a","74.3","49","2413"
"Toni Lato","75.2","6","621"
"Willi Orban","87.4","8","2222"
"Adam Aznou","71.4","6","876"
"Christian Walton","69.4","1","630"
"Finn Jeltsch","91.1","2","780"
"David Costa","82.6","6","352"
"Alexis Saelemaekers","81.5","24","1389"
"Robin Koch","90.7","7","2586"
"Sergio G?mez","74.8","56","2738"
"Jon Rowe","80.1","18","807"
"Oussama Targhalline","79.6","6","990"
"Elseid Hysaj","81.1","6","424"
"Massadio Ha?dara","78.6","8","1678"
"Manu S?nchez","72.2","16","2634"
"Harvey Elliott","82.2","10","371"
"Gerard Gumbau","75.5","17","849"
"Jesus Rodr?guez","72.8","8","1111"
"Timothee Pembele","81.5","3","1113"
"Antoine Semenyo","73.4","46","3203"
"Mikel Jauregizar","80.6","23","2244"
"Julian Ryerson","85.3","36","2259"
"Botond Balogh","89.3","2","2053"
"Carlens Arcus","79.4","17","2047"
"Vitinha","59.3","16","1328"
"Yoann Salmier","81.8","2","797"
"Anthony Elanga","65.3","50","2501"
"Karl Jakob Hein","73.4","0","2790"
"Iker Losada","75.4","6","336"
"Jules Kound?","86.7","32","2605"
"Benedikt Gimber","82.5","3","2671"
"Noah Atubolu","74.5","0","2307"
"Sofiane Diop","77.2","24","1064"
"Gift Orban","70.8","2","687"
"Beto","58.2","12","1534"
"Dami?n Rodr?guez","89.2","17","927"
"Lewis Cook","77.2","48","2978"
"Hicham Boudaoui","83.2","22","2435"
"Philipp Sander","80.9","13","1400"
"Stanislav Lobotka","90.8","17","2636"
"Matteo Politano","69.2","56","2804"
"Benjam?n Dom?nguez","78.2","10","1281"
"Andr? Ferreira","70.8","0","540"
"Eric Smith","80.8","28","2827"
"Xavi Simons","78.6","51","2150"
"Gabriel Jesus","76.8","8","608"
"Edson ?lvarez","85.8","12","1772"
"Jes?s Owono","60.7","0","487"
"Pierre Kalulu","93.1","11","2337"
"Fali Cand?","81","4","1530"
"Ricardo Pereira","83.5","0","388"
"Fabiano Parisi","80.5","4","1049"
"Mahdi Camara","85.8","26","2659"
"Reinildo Mandava","84.2","2","941"
"Harry Kane","78.9","35","2381"
"C?dric Bakambu","66.7","8","710"
"Abderrahman Rebbach","62.7","6","385"
"Fod? Ballo-Tour?","83.3","1","589"
"Marco Brescianini","79.5","7","991"
"Jack Grealish","87.6","24","721"
"Juan Foyth","87","7","1517"
"Scott McTominay","84.1","26","2938"
"David Neres","75.7","26","1283"
"Gio Reyna","78.8","2","350"
"J?der Dur?n","70.6","4","638"
"Mama Samba Bald?","72.3","16","1149"
"Fares Cha?bi","65.8","24","1013"
"Isaac Romero","70.3","20","2156"
"Nicolai Remberg","77.9","9","2417"
"Jhon Lucum?","91.1","8","2614"
"Umar Sadiq","72.3","6","825"
"Valent?n Castellanos","67.7","26","2384"
"Djaoui Ciss?","87.5","6","1121"
"Ruslan Malinovskyi","81.6","8","383"
"Alidu Seidu","82.2","5","803"
"Kingsley Ehizibue","76.7","22","2498"
"Antonio Sivera","53.9","1","2810"
"Lewis Holtby","76.5","21","1238"
"David Torres","82.5","1","1387"
"Lucas Mincarelli","81.5","3","715"
"Jordan Pefok","69.1","14","908"
"Ezequiel ?vila","69.7","15","677"
"Weston McKennie","83.1","32","2310"
"Roberto Piccoli","66.3","13","3127"
"Mikkel Damsgaard","72.4","63","2911"
"Emiliano Mart?nez","78.7","2","3194"
"Phil Foden","84.1","43","1777"
"Urko Gonz?lez","77.5","10","1374"
"Youssouf Sabaly","86.7","11","1581"
"Frederic Guilbert","76.8","19","2435"
"Jonathan Burkardt","72.5","20","2109"
"Ethan Pinnock","85.6","8","1913"
"Fabio Chiarodia","84","1","379"
"Jacob Bruun Larsen","70.6","11","414"
"Benito Ram?rez","79.4","13","478"
"Aster Vranckx","82.2","1","556"
"Felix Passlack","66.2","25","2334"
"Yassine Kechta","79.2","15","2096"
"I?aki Williams","63.3","43","2652"
"Luca Pellegrini","75.5","20","1067"
"Saidou Sow","90.7","2","1018"
"Dany Mota","72.4","22","2104"
"Joakim M?hle","80.9","20","2188"
"Adri? Altimira","78.5","11","1630"
"Lewis Hall","81.7","34","2189"
"Luis P?rez","75.7","27","2558"
"Renato Tapia","78.3","8","2424"
"Diego Carlos","88.6","0","830"
"Keito Nakamura","74.2","26","2649"
"Nicol? Barella","82.1","55","2456"
"Max Kilman","86.7","16","3348"
"Lewis Dunk","91","6","2083"
"Abner","84.1","11","1090"
"Jacopo Fazzini","71.6","12","1383"
"Alessandro Circati","86","1","540"
"Darwin N??ez","70.9","11","1133"
"Luis Milla","73.5","70","2875"
"Mat?as Vecino","81.1","11","877"
"Derek Cornelius","93.4","4","1420"
"Abdukodir Khusanov","91.1","2","503"
"Bertu? Y?ld?r?m","54.3","9","1083"
"Maximilian Bauer","80.9","2","658"
"Kevin St?ger","75.8","54","1551"
"Lautaro Valenti","84.5","4","1556"
"Antonio Blanco","79.3","15","2727"
"H?ctor Beller?n","82.3","8","580"
"Boubakar Kouyat?","83.4","0","756"
"Mahmoud Dahoud","84.9","8","364"
"Anthony Rouault","91.6","1","972"
"Jamie Gittens","76.5","21","1776"
"Emil Audero","82.6","0","720"
"Robert Andrich","88.4","9","1598"
"Sergi Roberto","90.3","15","696"
"Brenner","76.3","5","386"
"Mateo Pellegrino","54.3","5","737"
"Ryan Manning","77.1","34","1462"
"Patrick Mainka","85.4","7","3060"
"Virgil van Dijk","91.6","12","3330"
"Liberato Cacace","67.9","25","2230"
"Michael Amir Murillo","87.5","24","2437"
"George Hirst","56.6","4","661"
"L?o Scienza","66.3","34","1153"
"Valery Fern?ndez","88.9","1","309"
"Konrad Laimer","87.8","20","1699"
"Hong Hyunseok","77.9","9","530"
"Matvei Safonov","80.4","0","879"
"Justin Kluivert","74.4","45","2340"
"Ylber Ramadani","82.1","16","1807"
"Frank Magri","70.9","9","1516"
"Morato","77","0","907"
"Baptiste Santamaria","82.5","4","482"
"Ibrahima Konat?","90.2","10","2560"
"Kike Barja","64.9","10","315"
"Nikola Moro","80.2","20","1208"
"Ryan Sessegnon","78.4","12","580"
"Jeremie Frimpong","76.1","30","2314"
"Mario Gila","91.6","15","2741"
"Jhon Solis","89.5","2","535"
"Tam?s Nikitscher","91.3","2","858"
"Michael Gregoritsch","63.3","5","639"
"Dylan Batubinsika","91.4","4","2016"
"Ellyes Skhiri","88.5","22","2231"
"Omar El Hilali","78.9","8","3153"
"Donyell Malen","71.6","1","614"
"Abakar Sylla","88.6","1","950"
"Albert Gr?nbaek","62.8","19","813"
"Joshua Zirkzee","71.2","12","1402"
"Amine Salama","75.6","5","373"
"Matija Nastasi?","82.6","2","2110"
"Sepp van den Berg","85.4","6","2586"
"Christopher Nkunku","89.5","14","921"
"Andr?s Sch?fer","73.5","10","1534"
"Dayot Upamecano","93.9","7","1759"
"Yunis Abdelhamid","86.7","2","1033"
"Christian Kouam?","69.5","9","622"
"Andrea Petagna","64.3","1","335"
"Eric Bailly","87.5","0","617"
"Jon Moncayola","74.4","33","2099"
"Rodrigo Gomes","68.6","12","810"
"Guglielmo Vicario","87.4","0","2160"
"Yannick Gerhardt","76.9","4","1518"
"Jo?o Gomes","85","23","2974"
"Peque","79.9","12","1134"
"Ulisses Garcia","84.7","8","930"
"Coba da Costa","64.4","9","1006"
"?lvaro Fern?ndez","65.4","1","747"
"Casper Tengstedt","67.4","12","1517"
"Mile Svilar","78.9","0","3420"
"Gerard Mart?n","83.1","12","1038"
"Ibrahima Wadji","84.1","1","347"
"Hans Hateboer","85.3","15","1684"
"Jo?o F?lix","81.7","10","760"
"Alessandro Bianco","86.2","18","2600"
"Rasmus H?jlund","74.7","16","2004"
"Matt O'Riley","76.5","21","938"
"Odilon Kossounou","88.2","1","1125"
"David Alaba","90.4","1","317"
"Lucas Chevalier","79.6","3","3060"
"Seko Fofana","90.4","13","844"
"Alexis S?nchez","76.7","3","437"
"?lex Remiro","74","1","3240"
"John Stones","91.1","2","548"
"Borja Iglesias","70.8","18","1952"
"Konstantinos Koulierakis","83","10","2468"
"Natan","88.7","5","2175"
"Matty Cash","77.5","10","2070"
"Jeremie Boga","82.7","24","1054"
"Robert Skov","65.9","19","852"
"Dominik Greif","70.2","0","2790"
"David Raya","73.6","1","3420"
"Cyle Larin","67.5","8","1764"
"Steven Skrzybski","70","22","1323"
"Maximilian Breunig","58","4","350"
"Bukayo Saka","75.5","58","1729"
"Marin ?verko","82.2","2","1117"
"Mickael Nade","90","7","2306"
"Harry Amass","82.3","1","346"
"Hugo Guillam?n","81.9","2","364"
"Sebastiano Luperto","83.9","8","3240"
"Andrew Omobamidele","94.1","0","539"
"Kai Havertz","78.4","17","1875"
"Aimen Moueffek","84.8","10","1039"
"Mateo Retegui","76.5","38","2383"
"Reece James","84","11","1063"
"Youri Tielemans","82.2","60","3026"
"Orel Mangala","89.2","8","1261"
"Be?at Turrientes","89.6","3","942"
"Marius Courcoul","85.8","1","309"
"Kike P?rez","78","17","1191"
"Hauke Wahl","86.6","9","2970"
"Carlos Baleba","87.4","21","2661"
"Sven Botman","89.4","2","412"
"Ross Barkley","85.3","9","581"
"I?igo Ruiz de Galarreta","80.9","28","1477"
"Giovanni Simeone","69.9","8","419"
"Matthijs de Ligt","89.9","6","2123"
"Danny Welbeck","84.9","23","2115"
"Rassoul Ndiaye","73.7","10","1061"
"Alexander Prass","72.7","18","1566"
"Craig Dawson","86.6","2","971"
"Arnaud Nordin","69.9","15","1166"
"Yacine Adli","80.7","23","1219"
"Casemiro","78.8","22","1494"
"Sergi Darder","75.3","54","2744"
"Jefferson Lerma","75.3","10","2274"
"Federico Valverde","89.9","39","3032"
"Brooke Norton-Cuffy","75.2","2","719"
"Valentino Lazaro","75.1","33","2307"
"Neil El Aynaoui","84.5","22","1588"
"Zito Luvumbo","59.9","17","1606"
"Orri Steinn ?skarsson","52.8","5","944"
"Patrick Drewes","65.7","0","1890"
"Pervis Estupi??n","83.1","26","2402"
"Hugo Duro","69.2","14","2166"
"Kh?phren Thuram","88.4","25","2326"
"Waldemar Anton","90.4","6","1949"
"Jaden Philogene Bidace","73.3","1","332"
"Brice Samba","78.1","0","1529"
"Joe Scally","83.4","11","2578"
"Mauro Arambarri","73.3","17","2661"
"Finn Ole Becker","82.5","8","670"
"Nuno Tavares","78.7","33","1686"
"Jordan Pefok","78","3","380"
"Berat Djimsiti","87.7","11","2640"
"Lilian Brassier","85.6","6","1234"
"Jack Taylor","82.9","5","860"
"Serge Gnabry","83.4","24","1242"
"Paul Wanner","73.1","20","1771"
"Leonidas Stergiou","82.4","4","852"
"I?igo Lekue","78.6","8","773"
"Wilson Odobert","77.4","6","850"
"Thijs Dallinga","71.7","12","1154"
"Issa Doumbia","74.9","3","939"
"Konstantinos Mavropanos","86.3","5","2045"
"Phillipp Mwene","75","22","2607"
"Omar Traor?","70.7","20","2616"
"Tiago Santos","78.5","5","404"
"Pica","77.1","1","499"
"Asier Villalibre","63.8","1","333"
"Cristiano Biraghi","71.5","25","1158"
"Ameen Al-Dakhil","91.7","2","432"
"I?aki Pe?a","89.2","0","1396"
"Radu Dr?gu?in","85.2","4","1252"
"Yann Aurel Bisseck","91.8","7","1553"
"Marcos Senesi","76.3","3","1106"
"Zeki ?elik","82.2","19","2256"
"Patrick Osterhage","83.7","16","2267"
"Tom?? Sou?ek","73.8","14","2567"
"Arthur Vermeeren","86.1","12","1572"
"Jesper Karlstr?m","83.2","21","3186"
"Marten de Roon","86.4","25","3058"
"Sergi Altimira","89.3","22","1972"
"Harry Winks","87.1","17","1538"
"A?ssa Mandi","88.7","5","1733"
"Guela Dou?","83.4","11","2717"
"Tammy Abraham","68.8","14","1183"
"Trent Alexander-Arnold","73.5","52","2365"
"Tom Cairney","90.7","11","628"
"Robert Lewandowski","73.4","19","2667"
"Tiago Cardoso","74.9","0","380"
"Facundo Medina","87.6","24","2543"
"Mads Roerslev","78.7","14","1101"
"Patrick Erras","92","3","832"
"Assane Diao","79.3","8","1252"
"Wesley Fofana","90.2","6","1172"
"Jorginho","86.7","3","704"
"Stefano Turati","70.9","0","2676"
"Dani Olmo","81.1","26","1212"
"Ramy Bensebaini","86.1","15","2022"
"Jann-Fiete Arp","58.6","11","713"
"C?sar Azpilicueta","86.6","3","875"
"Pedro","79.8","22","1102"
"Lilian Brassier","85.8","1","779"
"Daichi Kamada","80.2","20","1564"
"Lovro Majer","69.5","8","304"
"Iago Aspas","75.4","38","1745"
"Andreas Hanche-Olsen","82.6","3","1284"
"Noah Wei?haupt","62.3","18","1160"
"Salih ?zcan","75.9","5","353"
"Haris Belkebla","87.6","5","1792"
"Sebastiano Esposito","60.2","36","2331"
"Jorge Herrando","85.4","0","1366"
"Gautier Larsonneur","66","1","3060"
"Leny Yoro","92.4","2","1165"
"Dani C?rdenas","52.5","0","540"
"M?rgim Vojvoda","81.5","12","717"
"Abel","72.5","16","2074"
"Christian Kabasele","85.3","6","1161"
"Mikel Merino","78.2","17","1586"
"Giuseppe Pezzella","66.5","36","2878"
"Stefan Lainer","77.4","9","757"
"Nicol? Fagioli","84.1","23","962"
"Bilal Nadir","87.3","7","383"
"Ben Johnson","71.6","12","1354"
"Marius M?ller","70.6","0","475"
"Edoardo Goldaniga","86.4","4","2532"
"Rodrigo Bentancur","87.9","10","1645"
"Nicola Zalewski","83.7","11","435"
"Nnamdi Collins","86.3","2","1489"
"Antoine Makoumbou","88.8","8","2150"
"Ian Maatsen","81.5","19","1139"
"Sergi Can?s","58.2","4","370"
"Bradley Barcola","81.7","50","2181"
"Iglesias","57.1","20","2888"
"Augustine Boakye","75","13","733"
"Charlie Cresswell","83","5","2592"
"Mohamed Lamine Bayo","70.7","4","309"
"Ali Abdi","74","20","1393"
"Ante Rebi?","61.1","18","788"
"Caoimh?n Kelleher","75.7","0","900"
"Malang Sarr","89.4","5","1385"
"Jean-Philippe Mateta","65.1","29","2648"
"Eddie Nketiah","74.3","13","1034"
"Douglas","86.5","15","2307"
"Lorenzo Lucca","64","14","2353"
"William Saliba","94.3","7","3039"
"Marco Gr?ll","76.8","11","1181"
"Patrik Schick","78","11","1684"
"Martin Frese","71.1","5","549"
"Dani de Wit","72","10","1153"
"Nayef Aguerd","87.3","5","1760"
"Marnon Busch","72.7","12","1396"
"Tommaso Augello","71.9","39","2713"
"Vincenzo Grifo","76.7","66","2432"
"Farid El Melali","69.9","25","1893"
"Janik Haberer","77","7","1696"
"Karol Linetty","84.6","10","1540"
"Iliman Ndiaye","81.8","18","2430"
"Gianluca Gaetano","72.3","22","1009"
"Juan Bernat","71.7","7","699"
"Tommy Doyle","81.9","7","488"
"Taiwo Awoniyi","63.5","2","416"
"Vitaliy Mykolenko","74.6","24","3082"
"Azor Matusiwa","87.1","17","2078"
"Peter Gonz?lez","65.6","4","477"
"Axel Disasi","86.8","3","490"
"Kacper Urbanski","86.3","4","500"
"Leandro Cabrera","75.2","9","2869"
"Paul Nebel","73.1","35","2345"
"Max Moerstedt","67","7","451"
"Dan Burn","88.4","9","3330"
"Patric","88.3","1","607"
"Evann Guessand","73.3","32","2565"
"Carlos Dominguez","88.5","2","1181"
"Carlos Vicente","63.2","63","3092"
"Malick Fofana","77.4","25","1589"
"Luka Modri?","87.6","66","1827"
"Richarlison","60.2","4","504"
"Vitinha","93.1","27","2042"
"William Smallbone","75.8","10","690"
"Rabby Nzingoula","76.7","8","1689"
"Luka Jovi?","81.6","12","557"
"Luck Zogb?","77.1","4","638"
"Gaetano Castrovilli","79","7","596"
"Gon?alo Ramos","80.1","15","1066"
"Marko Dmitrovi?","44.7","1","2880"
"Oumar Diakit?","82.2","11","1628"
"Mason Mount","81.8","8","622"
"Nico Schlotterbeck","89.2","18","1982"
"Ki-Jana Hoever","70.8","24","2124"
"Curtis Jones","93.1","22","1712"
"Tyrick Mitchell","72","41","3092"
"Filip Stankovic","72.5","0","1367"
"Marc Casado","89.3","9","1611"
"Mathieu Cafaro","72","13","732"
"Elye Wahi","79.3","6","574"
"Patrick Ciurria","72.3","13","1111"
"Alexander Isak","75.3","41","2756"
"Mats Wieffer","85.1","16","1015"
"Cesare Casadei","79.6","7","1017"
"Robin Gosens","76.5","27","2434"
"Cedric Zesiger","79.7","1","522"
"Pablo Sarabia","69.2","15","814"
"Ryan Gravenberch","89.2","26","3160"
"Santiago Bueno","88","0","1687"
"Enzo Millot","84.8","23","1843"
"Mattia De Sciglio","77.9","3","769"
"Riccardo Sottil","70.5","12","833"
"Mika M?rmol","74.4","16","2399"
"Patson Daka","72.1","1","736"
"Rafael Le?o","74.2","58","2323"
"Nahuel Est?vez","75.7","6","657"
"Conor Bradley","83.8","7","754"
"Sael Kumbedi","85.7","5","951"
"Hakan ?alhano?lu","86.6","49","1879"
"Edmond Tapsoba","86.4","4","2507"
"Yoel Lago","92.5","1","583"
"Diogo Jota","69.7","11","1196"
"Abdul Fatawu Issahaku","62.4","6","579"
"Erencan Yardimci","60.7","0","313"
"Jon Guridi","74.2","17","2080"
"Bruno Guimar?es","82.4","52","3271"
"Paulo Azzi","70","5","426"
"Jan Paul van Hecke","88.2","15","2958"
"Adam Hlo?ek","68.5","20","1871"
"Morgan Rogers","73.2","51","3114"
"Romain Del Castillo","69.8","37","1259"
"Juan Berrocal","76.1","1","1063"
"Adri?n","76.6","0","1710"
"Christoph Baumgartner","68.2","20","1610"
"Benedikt Pichler","63.2","12","785"
"Brian Oliv?n","69.2","15","1017"
"Jes?s Areso","72.4","30","3079"
"Mory Gbane","85.3","7","1125"
"Alejandro Jim?nez","80.1","12","1266"
"Mark Flekken","73","3","3275"
"Conor Townsend","63","4","335"
"Juanlu S?nchez","81.5","24","1722"
"Mergim Berisha","69.6","3","333"
"Enes ?nal","63.6","4","345"
"Kim Min-jae","92.5","6","2283"
"Aleksandar Sedlar","82.6","0","594"
"Youssouf Fofana","85.7","23","2504"
"Jhoanner Ch?vez","74.7","9","596"
"?derson","86.5","37","2881"
"Christopher Trimmel","60.5","35","1740"
"Jackson Tchatchoua","74.3","34","3167"
"Aaron Ramsdale","63.3","0","2700"
"Mathys Tel","69.5","14","911"
"Jo?l Veltman","80.2","6","1697"
"Lloyd Kelly","80.7","2","303"
"?lvaro Aguado","77.8","4","443"
"David Raum","69.4","48","1783"
"Pierre Lees-Melou","85.3","19","1526"
"Gianluca Busio","75.9","28","2518"
"R?my Cabella","82.4","26","1011"
"Yangel Herrera","81.3","17","2257"
"Wesley Sa?d","77.8","9","905"
"Yan Couto","81.1","12","895"
"Aljoscha Kemlein","75.5","10","922"
"Jos? Campa?a","84.3","14","1189"
"Jacob Greaves","85.8","5","2205"
"Danilo Veiga","64.6","6","374"
"Mason Greenwood","78.4","47","2804"
"Jordan James","84.1","24","1178"
"Lukas Nmecha","63.9","3","467"
"Kingsley Coman","84.3","32","1282"
"Arthur","78.9","2","752"
"Folarin Balogun","68","6","615"
"Marcus Tavernier","73.8","43","1939"
"Javier Guerra","77.9","23","2581"
"Strahinja Pavlovi?","88.2","6","1864"
"Tajon Buchanan","73.6","5","416"
"Kik?","65.3","13","2542"
"Oscar H?jlund","88","6","722"
"Jim Allevinah","75.2","15","1750"
"Assane Diouss?","89.6","2","663"
"Malo Gusto","86.5","22","1862"
"Emanuele Valeri","65.6","36","2873"
"Donovan L?on","59.2","3","2880"
"David Jur?sek","69.9","7","619"
"Juanpe","87.3","3","727"
"Aron D?nnum","72.5","45","2689"
"Florian M?ller","63.2","0","753"
"Fabio Miretti","74.4","22","1677"
"James Tarkowski","81","16","2922"
"Gaby Jean","84.3","1","1388"
"Bafod? Diakit?","93.2","3","2766"
"R?my Labeau Lascary","73","7","637"
"Irvin Cardona","62.1","9","606"
"David Brooks","75.4","20","960"
"Jan Bednarek","92.7","5","2531"
"Axel Tuanzebe","83.8","5","1710"
"Erhan Ma?ovi?","82.7","3","910"
"Fer L?pez","84.6","14","671"
"Joe Gomez","88.7","2","519"
"Pablo Torre","81.8","8","310"
"L?szl? B?nes","67.6","19","589"
"Ardian Ismajli","86.8","2","2508"
"Hugo Magnetti","84.9","6","2323"
"Harvey Barnes","78.1","26","1755"
"Mohamed Kaba","80.8","1","452"
"Amadou Onana","87.7","10","1617"
"Simone Scuffet","70.3","0","1170"
"Javi Puado","76.8","22","2974"
"Jos? Mar?a Gim?nez","91.8","2","1999"
"Aleix Garc?a","87.2","32","1455"
"John Tolkin","67.9","11","737"
"Jonathan David","82.1","36","2554"
"Mattia Perin","79.7","0","450"
"Noni Madueke","77.4","32","2033"
"Nicol?s Gonz?lez","92","1","760"
"Alex Kr?l","71.9","12","2714"
"Dod?","77.6","36","3025"
"Yeray ?lvarez","84.1","4","1781"
"Mamadou Sylla","62.8","14","1583"
"Matej Kovar","83.7","0","450"
"Nathan Wood-Gordon","93.3","1","773"
"Mario G?tze","77.5","34","1542"
"?lvaro Rodr?guez","46","5","852"
"Darko Bra?anac","75.7","9","1617"
"Joel Pohjanpalo","60.3","15","1603"
"Irvin Cardona","66.9","15","1063"
"Rados?aw Majecki","74.7","0","1350"
"Kaishu Sano","80.1","19","3043"
"Giorgi Mamardashvili","67.8","2","3060"
"Mohamed Haj","78.1","9","453"
"Nicol? Rovella","89.6","31","2718"
"Jean-Daniel Akpa-Akpro","79.5","3","966"
"Flynn Downes","90.4","15","2151"
"Khvicha Kvaratskhelia","85.6","25","916"
"Anass Zaroury","67.8","35","1405"
"Mario Mart?n","84.5","12","1748"
"Jon Aramburu","78.4","15","2460"
"Armin Gigovic","77.7","16","1895"
"Ladislav Krej??","90.1","8","2440"
"Calvin Bassey","89.7","3","3074"
"Bazoumana Tour?","66.8","13","609"
"Suat Serdar","74.8","10","1376"
"Nicol? Cambiaghi","72.2","12","620"
"Vitor Roque","72.8","12","1235"
"Ayoze P?rez","75.8","32","1970"
"Nadir Zortea","67.4","28","2713"
"Dinko Horka?","75.6","0","1085"
"Alberto costa","83","2","357"
"Mohamed Meit?","66","5","544"
"Amir Rrahmani","91","11","3406"
"Dominic Calvert-Lewin","62.6","7","1609"
"Kyle Walker","87.7","6","659"
"Mamadou Sarr","93.8","5","2365"
"Igor Zubeldia","86.4","4","2269"
"Yann Gboho","74.2","30","2333"
"Stephy Mavididi","75","22","1615"
"Pierrick Capelle","80.1","5","483"
"Duv?n Zapata","69","9","587"
"Nathan N'Goumou","73.6","6","828"
"Johan Mojica","74.2","40","2755"
"Jos? Gragera","87.6","1","569"
"Roberto Navarro","75.5","13","1278"
"Henrikh Mkhitaryan","87.4","29","2328"
"Carles Ale??","79.5","3","452"
"Dean Huijsen","83.4","15","2427"
"Elias Saad","76.2","14","900"
"Abdou Harroui","79.2","4","463"
"Vitaly Janelt","82.5","14","2254"
"Darwin Mach?s","59.7","8","639"
"Adama Traor?","72.2","42","1772"
"Jannik Vestergaard","90.7","3","1391"
"Joan Garc?a","71.6","0","3420"
"Rub?n Pe?a","59.2","13","775"
"Axel Disasi","90.8","2","364"
"Aur?lien Tchouam?ni","92.3","5","2689"
"Jesse Joronen","73.8","0","703"
"Tom Bischof","78.7","50","2559"
"?scar Mingueza","77","35","2729"
"Elisha Owusu","81.8","14","2344"
"Iker Bravo","81.1","7","682"
"Konan N'dri","67.2","6","306"
"Adrian Beck","80.1","21","1598"
"Giorgos Masouras","70.4","10","1055"
"John Joe","74","1","545"
"Moussa Diarra","80.2","3","1866"
"Alieu Fadera","74.6","23","1644"
"Randal Kolo Muani","73.1","5","358"
"Stanko Juri?","84.2","4","1729"
"Lucas Torr?","75.3","10","2957"
"Leo Skiri ?stig?rd","84.8","2","1227"
"Enric Franquesa","70.2","2","616"
"Marcus Thuram","73.7","39","2200"
"Finn Dahmen","69.4","0","1710"
"Federico Gatti","95","6","2195"
"Yves Bissouma","88.6","6","1408"
"Cristhian Stuani","69.5","6","1078"
"Enzo Le F?e","85.9","3","318"
"Merlin R?hl","76","9","965"
"Mike Maignan","86.2","5","3294"
"Jonathan Tah","92.9","4","2970"
"Benedict Hollerbach","65.4","26","2540"
"Federico Barba","88.4","0","431"
"?lex Su?rez","85.9","3","2460"
"Igor Matanovic","76","1","312"
"Nicolas P?p?","79.1","33","1500"
"Koji Miyoshi","59.2","5","464"
"Bruno Fernandes","76.1","91","3018"
"Victor Boniface","70.2","10","1008"
"Kelechi Iheanacho","75","5","400"
"Samuel Gigot","92","0","683"
"?lkay G?ndo?an","89.5","44","2223"
"Romelu Lukaku","71","35","2843"
"Arthur Chaves","82.1","5","2185"
"Emmanuel Agbadou","87.9","8","1260"
"Bahereba Guirassy","70.8","2","348"
"Du?an Vlahovi?","69.1","15","1784"
"Matteo Gabbia","91.2","2","2152"
"Josep Martinez","85.5","1","450"
"Yvan Neyou","86.4","13","2312"
"Nathan Zeze","85.8","1","1512"
"Marvin Ducksch","61.7","61","2418"
"Nathaniel Clyne","76","3","483"
"Antonee Robinson","76.8","43","3167"
"Jack Stephens","92","3","1389"
"Sander Berge","91.5","18","2224"
"P?ter Gul?csi","82.1","0","2631"
"Chuba Akpom","67.7","5","639"
"Enzo Tchato","75","14","1899"
"David Zec","87.7","8","1541"
"Jakub Stolarczyk","61.7","0","900"
"Samuel Lino","79.4","22","1552"
"Jonas Wind","70.6","34","1966"
"Brendan Chardonnet","82.1","8","2416"
"Manuel Neuer","86","1","1980"
"Kjetil Haug","63.1","0","498"
"Marshall Munetsi","71.7","9","1078"
"Javi Gal?n","82.9","15","1784"
"Manuel Locatelli","87.8","29","2822"
"Sergio Akieme","81","21","2523"
"Andr?","92.9","18","2472"
"Altay Bay?nd?r","60.5","0","360"
"Charlie Taylor","87.9","1","356"
"Diego G?mez","80.5","8","516"
"Nicolas Pays","77.7","3","447"
"Tim Iroegbunam","72.8","3","574"
"Lorenzo Colombo","67.5","21","2233"
"Sa?a Luki?","87.3","26","2344"
"Javi L?pez","78.4","5","1936"
"James Sands","76","1","453"
"Cameron Archer","81.7","5","1441"
"Bernardo","73.7","4","1782"
"Gabriel Gudmundsson","82.1","16","1785"
"Maximilian Arnold","77.2","45","2356"
"Christian Eriksen","78.8","31","1061"
"Pedro Porro","73.2","57","2610"
"Marc Bartra","81.3","4","2099"
"Thierry Correia","74.8","5","768"
"Myron Boadu","71.3","11","1042"
"Lucas Beltr?n","77.7","29","1864"
"Philipp Lienhart","86.2","6","2770"
"Jean Matt?o Bahoya","74.3","18","921"
"Jakub Kiwior","91.4","5","1122"
"Florian Ay?","73.6","3","575"
"Ga?tan Laborde","69.6","27","1829"
"Nico Elvedi","92","5","2135"
"Andy Delort","49.1","7","607"
"Lorenzo Pellegrini","79.5","27","1626"
"Dani Raba","67.1","47","1879"
"Thomas Kristensen","79.9","4","1754"
"Donyell Malen","68.8","3","305"
"Jakov Medi?","87.4","3","1603"
"Warren Bondo","88.9","5","1618"
"Rafik Messali","73.1","11","456"
"Lorenzo De Silvestri","79.1","5","1060"
"Isma?l Kon?","86.7","4","360"
"Alessandro Vogliacco","91.6","3","772"
"Francesco Zampano","73.2","12","1639"
"Mostafa Mohamed","64.8","6","1252"
"Alessandro Vogliacco","78","1","715"
"Jordan Veretout","83.9","13","1553"
"Issa Diop","87.5","3","1339"
"Andr?s Garc?a","86.6","3","318"
"Lee Jae-sung","77.5","34","2650"
"Thomas Partey","87.4","20","2797"
"Gabriele Zappa","76.5","28","3060"
"John Yeboah","72.9","20","1226"
"Lloyd Kelly","83.1","3","1013"
"Zuriko Davitashvili","78.6","50","2778"
"Kirian Rodr?guez","85.2","16","1758"
"Kamory Doumbia","80.5","26","1322"
"Conor Gallagher","85","12","1633"
"Trevoh Chalobah","79","4","1060"
"Adrien Tameze","86","6","649"
"Jos? S?","64.1","3","2609"
"Facundo Garc?s","76.1","3","678"
"Jos? Luis Gay?","77.8","24","1803"
"Junya Ito","66.8","82","2690"
"Brajan Gruda","74.5","23","687"
"Adnan Januzaj","69.1","17","598"
"Carlos Benav?dez","69.4","3","487"
"Boubakary Soumar?","87","11","2171"
"Yoane Wissa","76.5","27","2919"
"Hugo Ekitike","75.5","44","2563"
"C?dric Kipr?","88.9","10","2190"
"Anastasios Douvikas","76.4","9","580"
"Alexander Bernhardsson","60.5","17","1263"
"M?ximo Perrone","90.4","30","1857"
"Unai Sim?n","69.6","0","1890"
"Oliver Scarles","78.8","2","665"
"Marc?o","90.2","0","552"
"Pablo Maffeo","70.8","29","2368"
"Brennan Johnson","70.4","19","2177"
"Oliver Baumann","69.1","3","2520"
"S?bastien Haller","60","1","404"
"El Bilal Tour?","78.1","7","356"
"Davide Calabria","82.5","13","632"
"Samuele Ricci","88","15","2825"
"Loum Tchaouna","69.6","10","660"
"Copete","83.3","0","1528"
"Marin Pongra?i?","89.2","5","1292"
"Kevin De Bruyne","75.9","57","1702"
"Himad Abdelli","82.1","39","2842"
"Martin ?degaard","82.5","63","2325"
"Sam Beukema","86.4","10","3012"
"Randy Nteka","64.6","9","1129"
"Lo?s Openda","63.8","28","2453"
"Cenk ?zkacar","84.4","1","757"
"Milan ?kriniar","96.5","1","382"
"Mario Lemina","80.4","10","1364"
"Luca Philipp","63.4","0","540"
"Gerard Moreno","77","17","721"
"Ruben Vargas","67.2","13","671"
"Jo?ko Gvardiol","90.2","26","3277"
"Kalvin Phillips","79.1","5","1237"
"Senny Mayulu","87.8","12","808"
"Jean-Ricner Bellegarde","79.3","27","1677"
"Aihen Mu?oz","71","3","1098"
"Matt?o Guendouzi","89.8","43","3270"
"Fisayo Dele-Bashiru","87.7","10","947"
"Yussuf Poulsen","59.6","7","378"
"Levi Colwill","89.3","14","3149"
"Moi G?mez","80.6","11","796"
"Dimitri Foulquier","78.9","10","2299"
"Jeremy Doku","79.1","32","1516"
"Patrick Wimmer","65.7","24","1770"
"Connor Metcalfe","64.4","3","358"
"Mahamadou Nagida","77","3","430"
"Marvin Friedrich","88.4","3","989"
"Kialonda","86.5","6","2144"
"T?ji Savanier","69.6","67","2363"
"Harry Maguire","85.5","9","1758"
"Julen Agirrezabala","68.4","0","1206"
"Jasper Cillessen","68.2","0","2335"
"Axel Witsel","90.6","2","852"
"Endrick","78.7","4","363"
"Valentino Livramento","85.4","25","2840"
"Rasmus Kristensen","77.7","20","2513"
"Juma Bah","93.4","2","686"
"Yasin Ayari","81.5","30","1965"
"Stefan Bell","78.6","5","1436"
"James Maddison","81.3","41","1809"
"Williot Swedberg","73.3","16","1348"
"Mattia Zaccagni","75.8","55","2686"
"Randal Kolo Muani","69.9","17","1160"
"Max Geschwill","74.3","10","1282"
"Pape Matar Sarr","86.4","15","1913"
"Kevin M?ller","75.6","0","2939"
"Wilfried Singo","86.2","7","2096"
"Louis Mouton","80.2","16","1045"
"Fran Garcia","86.7","24","2171"
"Bamba Dieng","77.7","1","532"
"Elia Caprile","68.3","0","1620"
"Daniel Bandeira","82.6","3","407"
"Anthony Caci","71.8","50","2684"
"Charles De Ketelaere","75.8","39","2070"
"Mikkel Kaufmann","49.5","3","372"
"Mathew Ryan","74.8","0","1260"
"Patrick Cutrone","70.3","19","2047"
"Simon Adingra","75.9","16","1097"
"Walid Cheddira","70.9","6","640"
"?lvaro djal?","66.4","4","659"
"Christian Kouam?","60.8","8","507"
"Micky van de Ven","90.9","2","1015"
"Oladapo Afolayan","69.4","21","1639"
"Vicente Guaita","82.1","0","3060"
"Willy Kambwala","87.7","1","1117"
"Alexsandro Ribeiro","91.2","9","2700"
"Benjamin Henrichs","75.6","11","935"
"Thomas D?hne","77","0","810"
"Juan Miranda","75.7","57","2277"
"Bryan Zaragoza","64.6","36","1836"
"Scott McKenna","86.7","4","2466"
"Alejo V?liz","65.2","3","1127"
"Gianluigi Donnarumma","87.3","0","2091"
"Denis Vavro","86.9","7","2461"
"Jonathan Bamba","78.8","12","811"
"Dejan Kulusevski","73.7","65","2389"
"Youssouf Ndayishimiye","89.4","5","1932"
"Marcos Andr?","65.7","9","1188"
"Benjamin ?e?ko","67.6","19","2380"
"Lars Ritzka","71.5","5","922"
"Morten Thorsby","66.6","27","1898"
"Danilo D'Ambrosio","86.8","5","1095"
"Alberto Moleiro","81.3","41","2714"
"Juan Cruz Armada","78","2","1492"
"Yael Mouanga","87.7","2","946"
"Angel Gomes","81","14","736"
"Antonio Candela","77.2","6","906"
"Jaden Philogene Bidace","72.5","5","474"
"Kenny Tete","80.8","9","1774"
"Ermedin Demirovi?","70.3","18","1855"
"Lukas Daschner","64.6","6","412"
"Omari Hutchinson","78","31","2583"
"Tanner Tessmann","89.4","7","1234"
"Pablo Dur?n","71","17","1394"
"Unai N??ez","87.1","1","645"
"Pedro Chirivella","85.1","19","2348"
"Javi S?nchez","87.3","6","2026"
"Anthony Lopes","65.1","0","1563"
"Matheus Nunes","86.3","23","1674"
"Breel Embolo","69.2","32","1841"
"Tyler Dibling","81.3","20","1874"
"Jos? Luis Palomino","86.7","1","1081"
"Mat?as Soul?","82.2","51","1781"
"Javier Mu?oz","77.9","29","2588"
"Musa Al-Taamari","81.8","10","567"
"Hans Nicolussi Caviglia","79.3","29","2861"
"Devyne Rensch","81.9","2","469"
"Piero Hincapi?","87.9","16","2670"
"Timo Becker","77.4","6","2445"
"Juma Bah","81.1","1","864"
"Djen?","75.6","9","2548"
"?scar de Marcos","79.2","19","1564"
"Donny van de Beek","81.7","18","1421"
"Gavi","90","14","1085"
"Cristhian Mosquera","90.5","0","3319"
"Lesley Ugochukwu","85","14","1655"
"Ismaila Sarr","66","44","2711"
"Frederik R?nnow","68.6","0","2520"
"Julio Enciso","69","13","869"
"Jordan Amavi","73.4","6","790"
"Nathan Broadhead","78.1","7","702"
"Woyo Coulibaly","86.7","8","1084"
"Pontus Almqvist","72.4","10","1112"
"Dani G?mez","74.7","1","532"
"H?kon Arnar Haraldsson","79.4","35","1755"
"Marvin Schulz","78","4","306"
"Florian Tardieu","85.8","19","1252"
"Cheikh Tidiane Niasse","80","4","755"
"Othmane Maamma","65.4","3","361"
"F?bio Silva","66.3","16","1866"
"Ra?l Jim?nez","71.2","24","2494"
"Rafa Mir","72","4","753"
"Jorge S?enz","83.7","2","1690"
"Tuta","87.7","4","2274"
"Quentin Merlin","82.4","25","1589"
"Alexis Mac Allister","83.5","45","2599"
"Isma?l Kon?","84.6","5","469"
"Florian Wirtz","78.3","57","2351"
"Michael Folorunsho","70.6","3","650"
"Sergi","83.7","5","2957"
"Daniel Vivian","87.1","10","2608"
"Luk?? Hr?deck?","75.3","0","2610"
"Jon Pacheco","83.2","1","854"
"Kr?pin Diatta","76.4","4","508"
"James Mcatee","80","3","349"
"Yorbe Vertessen","66.2","15","718"
"Stoichkov","61.7","7","699"
"Edu Exp?sito","65.6","28","1045"
"Davide Frattesi","82.5","7","1158"
"Nahuel Tenaglia","72.1","19","2922"
"Adam Webster","87.7","3","887"
"Jonas Urbig","81.1","0","720"
"Can Uzun","79.9","14","675"
"Andrea Pinamonti","62.8","15","2850"
"Gianluca Lapadula","60.3","3","310"
"Alfon","69.8","24","1371"
"Andreas Pereira","69.1","57","2013"
"Manolis Saliakas","71.8","26","2314"
"Mehdi Taremi","80.1","15","807"
"Ali Demb?l?","75.6","3","388"
"Lo?c Nego","75.1","13","2459"
"Alan Matturro","78","3","900"
"Moussa Niakhate","90.3","7","2726"
"Mandela Keita","90.5","15","1826"
"Akor Adams","62.6","12","1075"
"Renato Veiga","88","2","1093"
"Guido Rodr?guez","84.4","4","1149"
"Martin Erlic","91.7","0","334"
"Diego Rico","67.6","36","2819"
"Pau Navarro","89.6","1","916"
"Maximilian Eggestein","83.5","19","2845"
"Tim Siersleben","80.8","6","1182"
"Emre Can","89.5","8","2105"
"Keinan Davis","75.6","20","1066"
"Kevin Trapp","73.2","0","2295"
"I?igo Mart?nez","91","16","2490"
"Rodrigo Muniz","64.8","7","964"
"Oriol Romeu","90.4","8","1356"
"Junior Sambia","68.1","6","387"
"Mikel Oyarzabal","73.5","15","2250"
"Aleksandar Pavlovic","93.3","7","1451"
"Tim Skarke","70","16","1164"
"Benjamin Bouchouari","86.7","16","1772"
"Wes Burns","60.5","10","926"
"Leo Rom?n","57.1","0","630"
"Antonio S?nchez","72.8","5","1395"
"Jack Clarke","76.8","28","1181"
"Paul Onuachu","60.8","8","1050"
"Romain Perraud","79.6","16","2002"
"Mattia Viti","80.2","5","2572"
"Carl Starfelt","93.7","6","2270"
"Warren Za?re-Emery","92.8","18","2050"
"Patrik Carlgren","65.7","0","417"
"Ruben Aguilar","80.3","11","1124"
"Nicol? Fagioli","88.5","4","571"
"Mohamed Ali Cho","70.3","30","1621"
"Djibril Sow","88.8","21","2062"
"Nick Pope","73.5","1","2520"
"Yukinari Sugawara","80","17","1557"
"Issiaga Sylla","77.3","7","1156"
"Suso","74","22","606"
"Romain Faivre","82.1","10","899"
"Castello Lukeba","85.1","4","1577"
"Borja Mayoral","77.6","8","1114"
"Johan Manzambi","75.5","3","335"
"Gvidas Gineitis","74.7","21","1430"
"Sidiki Cherif","53.2","2","324"
"Kevin Danso","85.6","6","1080"
"Viktor Tsyhankov","74.2","33","1913"
"Federico Ravaglia","78.4","1","1056"
"Ridle Baku","75.2","14","1275"
"Nediljko Labrovi?","70.2","0","1350"
"Abde Ezzalzouli","71.6","27","1984"
"Jean Butez","78.2","1","1666"
"Catena","83.8","10","3074"
"Lucas Mart?nez Quarta","88.6","1","351"
"Marcos Alonso","89.2","21","2647"
"Nuno Mendes","86.9","30","1676"
"Valentin Atangana Edoa","86","12","2854"
"Kilian Fischer","78.6","12","2297"
"Dean Henderson","61.3","3","3420"
"Giuliano Simeone","75.5","24","1926"
"Robert Wagner","75.4","0","407"
"Riccardo Calafiori","85.6","6","983"
